,Unnamed: 0.3,Unnamed: 0.2,Unnamed: 0.1,Unnamed: 0,RES,CHAIN,AA,SS_CLASS,PDB_dbResNum,PDB_dbResName,PDB_dbChainId,UniProt_dbAccessionId,UniProt_dbResNum,UniProt_dbResName,shifted Uni,AF_predictions,AF_confidence,Jpred_seq,Jpred_SS_pred,JP_Confidence
0,0,0,267,267,19.0,B,S,C,19.0,SER,L,P21852,19.0,S,R,C,29.77,L,C,9.0
1,1,1,268,268,20.0,B,S,C,20.0,SER,L,P21852,20.0,S,G,C,29.77,M,C,9.0
2,2,2,269,269,21.0,B,Y,C,21.0,TYR,L,P21852,21.0,Y,V,C,29.77,G,C,8.0
3,3,3,270,270,22.0,B,S,C,22.0,SER,L,P21852,22.0,S,S,C,29.77,P,C,8.0
4,4,4,271,271,23.0,B,G,E,23.0,GLY,L,P21852,23.0,G,R,H,29.77,R,C,8.0
5,5,5,272,272,24.0,B,P,E,24.0,PRO,L,P21852,24.0,P,R,H,29.77,R,C,8.0
6,6,6,273,273,25.0,B,I,E,25.0,ILE,L,P21852,25.0,I,D,H,29.77,P,C,6.0
7,7,7,274,274,26.0,B,V,E,26.0,VAL,L,P21852,26.0,V,F,H,30.68,S,C,2.0
8,8,8,275,275,27.0,B,V,E,27.0,VAL,L,P21852,27.0,V,L,H,30.68,V,E,6.0
9,9,9,276,276,28.0,B,D,C,28.0,ASP,L,P21852,28.0,D,K,H,30.68,V,E,8.0
10,10,10,277,277,29.0,B,P,C,29.0,PRO,L,P21852,29.0,P,F,H,30.68,Y,E,8.0
11,11,11,278,278,30.0,B,V,C,30.0,VAL,L,P21852,30.0,V,C,H,30.68,L,E,7.0
12,12,12,279,279,31.0,B,T,C,31.0,THR,L,P21852,31.0,T,T,H,30.68,H,E,4.0
13,13,13,280,280,32.0,B,R,C,32.0,ARG,L,P21852,32.0,R,A,H,36.32,N,C,4.0
14,14,14,281,281,33.0,B,I,C,33.0,ILE,L,P21852,33.0,I,I,H,36.32,A,C,7.0
15,15,15,282,282,34.0,B,E,C,34.0,GLU,L,P21852,34.0,E,A,H,36.32,E,C,8.0
16,16,16,283,283,35.0,B,G,C,35.0,GLY,L,P21852,35.0,G,V,H,36.32,C,C,7.0
17,17,17,284,284,36.0,B,H,C,36.0,HIS,L,P21852,36.0,H,T,H,36.32,T,C,7.0
18,18,18,285,285,37.0,B,L,E,37.0,LEU,L,P21852,37.0,L,M,C,36.32,G,C,6.0
19,19,19,286,286,38.0,B,R,E,38.0,ARG,L,P21852,38.0,R,G,C,36.32,C,C,3.0
20,20,20,287,287,39.0,B,I,E,39.0,ILE,L,P21852,39.0,I,M,C,36.32,S,C,1.0
21,21,21,288,288,40.0,B,E,E,40.0,GLU,L,P21852,40.0,E,G,C,45.11,E,H,2.0
22,22,22,289,289,41.0,B,V,E,41.0,VAL,L,P21852,41.0,V,P,C,45.11,S,H,2.0
23,23,23,290,290,42.0,B,E,E,42.0,GLU,L,P21852,42.0,E,A,C,45.11,V,H,3.0
24,24,24,291,291,43.0,B,V,E,43.0,VAL,L,P21852,43.0,V,F,C,45.11,L,H,6.0
25,25,25,292,292,44.0,B,E,E,44.0,GLU,L,P21852,44.0,E,A,H,43.62,R,H,3.0
26,26,26,293,293,45.0,B,N,C,45.0,ASN,L,P21852,45.0,N,P,H,43.62,A,C,4.0
27,27,27,294,294,46.0,B,G,C,46.0,GLY,L,P21852,46.0,G,E,H,43.62,F,C,8.0
28,28,28,295,295,47.0,B,K,E,47.0,LYS,L,P21852,47.0,K,V,H,43.62,E,C,7.0
29,29,29,296,296,48.0,B,V,E,48.0,VAL,L,P21852,48.0,V,A,H,43.62,P,C,7.0
30,30,30,297,297,49.0,B,K,E,49.0,LYS,L,P21852,49.0,K,R,H,43.62,Y,C,3.0
31,31,31,298,298,50.0,B,N,E,50.0,ASN,L,P21852,50.0,N,A,H,43.62,I,H,6.0
32,32,32,299,299,51.0,B,A,E,51.0,ALA,L,P21852,51.0,A,L,H,43.62,D,H,7.0
33,33,33,300,300,52.0,B,Y,E,52.0,TYR,L,P21852,52.0,Y,M,C,50.92,T,H,7.0
34,34,34,301,301,53.0,B,S,E,53.0,SER,L,P21852,53.0,S,G,C,50.92,L,H,6.0
35,35,35,302,302,54.0,B,S,E,54.0,SER,L,P21852,54.0,S,P,C,50.92,I,H,6.0
36,36,36,303,303,55.0,B,S,E,55.0,SER,L,P21852,55.0,S,R,C,50.92,L,H,3.0
37,37,37,304,304,56.0,B,T,C,56.0,THR,L,P21852,56.0,T,R,C,53.44,D,H,1.0
38,38,38,305,305,57.0,B,L,C,57.0,LEU,L,P21852,57.0,L,P,C,53.44,T,C,3.0
39,39,39,306,306,58.0,B,F,C,58.0,PHE,L,P21852,58.0,F,S,E,53.44,L,C,5.0
40,40,40,307,307,59.0,B,R,C,59.0,ARG,L,P21852,59.0,R,V,E,53.44,S,C,2.0
41,41,41,308,308,60.0,B,G,C,60.0,GLY,L,P21852,60.0,G,V,E,53.44,L,E,3.0
42,42,42,309,309,61.0,B,L,H,61.0,LEU,L,P21852,61.0,L,Y,E,53.44,D,E,4.0
43,43,43,310,310,62.0,B,E,H,62.0,GLU,L,P21852,62.0,E,L,E,53.44,Y,E,0.0
44,44,44,311,311,63.0,B,I,H,63.0,ILE,L,P21852,63.0,I,H,E,53.44,H,C,5.0
45,45,45,312,312,64.0,B,I,H,64.0,ILE,L,P21852,64.0,I,N,C,53.44,E,C,7.0
46,46,46,313,313,65.0,B,L,H,65.0,LEU,L,P21852,65.0,L,A,C,59.41,T,C,8.0
47,47,47,314,314,66.0,B,K,C,66.0,LYS,L,P21852,66.0,K,E,C,59.41,I,C,8.0
48,48,48,315,315,67.0,B,G,C,67.0,GLY,L,P21852,67.0,G,C,C,59.41,M,C,7.0
49,49,49,316,316,68.0,B,R,C,68.0,ARG,L,P21852,68.0,R,T,C,59.41,A,C,7.0
50,50,50,317,317,69.0,B,D,C,69.0,ASP,L,P21852,69.0,D,G,H,59.41,A,C,6.0
51,51,51,318,318,70.0,B,P,C,70.0,PRO,L,P21852,70.0,P,C,H,59.41,A,C,4.0
52,52,52,319,319,71.0,B,R,C,71.0,ARG,L,P21852,71.0,R,S,H,59.41,G,H,2.0
53,53,53,320,320,72.0,B,D,C,72.0,ASP,L,P21852,72.0,D,E,H,59.41,D,H,8.0
54,54,54,321,321,73.0,B,A,H,73.0,ALA,L,P21852,73.0,A,S,H,59.41,A,H,9.0
55,55,55,322,322,74.0,B,Q,H,74.0,GLN,L,P21852,74.0,Q,V,H,67.13,A,H,9.0
56,56,56,323,323,75.0,B,H,H,75.0,HIS,L,P21852,75.0,H,L,H,67.13,E,H,9.0
57,57,57,324,324,76.0,B,F,H,76.0,PHE,L,P21852,76.0,F,R,C,67.13,A,H,9.0
58,58,58,325,325,77.0,B,T,H,77.0,THR,L,P21852,77.0,T,A,C,67.13,A,H,9.0
59,59,59,326,326,78.0,B,Q,H,78.0,GLN,L,P21852,78.0,Q,F,C,66.62,L,H,9.0
60,60,60,327,327,79.0,B,R,C,79.0,ARG,L,P21852,79.0,R,E,C,66.62,E,H,9.0
61,61,61,328,328,80.0,B,T,C,80.0,THR,L,P21852,80.0,T,P,C,66.62,Q,H,8.0
62,62,62,329,329,81.0,B,C,C,81.0,CYS,L,P21852,81.0,C,Y,C,66.62,A,H,7.0
63,63,63,330,330,82.0,B,G,C,82.0,GLY,L,P21852,82.0,G,I,H,66.62,V,H,4.0
64,64,64,331,331,83.0,B,V,C,83.0,VAL,L,P21852,83.0,V,D,H,66.62,N,C,1.0
65,65,65,332,332,84.0,B,X,C,84.0,CSO,L,P21852,84.0,C,T,H,66.62,S,C,6.0
66,66,66,333,333,85.0,B,T,C,85.0,THR,L,P21852,85.0,T,L,C,66.15,P,C,8.0
67,67,67,334,334,86.0,B,Y,C,86.0,TYR,L,P21852,86.0,Y,I,C,66.15,H,C,8.0
68,68,68,335,335,87.0,B,T,H,87.0,THR,L,P21852,87.0,T,L,C,66.15,G,C,6.0
69,69,69,336,336,88.0,B,H,H,88.0,HIS,L,P21852,88.0,H,D,C,66.15,F,C,1.0
70,70,70,337,337,89.0,B,A,H,89.0,ALA,L,P21852,89.0,A,T,C,66.15,I,E,5.0
71,71,71,338,338,90.0,B,L,H,90.0,LEU,L,P21852,90.0,L,L,C,66.15,A,E,6.0
72,72,72,339,339,91.0,B,A,H,91.0,ALA,L,P21852,91.0,A,S,E,66.15,V,E,4.0
73,73,73,340,340,92.0,B,S,H,92.0,SER,L,P21852,92.0,S,L,E,66.15,V,E,2.0
74,74,74,341,341,93.0,B,T,H,93.0,THR,L,P21852,93.0,T,D,E,66.15,E,E,0.0
75,75,75,342,342,94.0,B,R,H,94.0,ARG,L,P21852,94.0,R,Y,E,71.46,G,C,2.0
76,76,76,343,343,95.0,B,C,H,95.0,CYS,L,P21852,95.0,C,H,C,71.46,G,C,0.0
77,77,77,344,344,96.0,B,V,H,96.0,VAL,L,P21852,96.0,V,E,C,71.46,I,E,1.0
78,78,78,345,345,97.0,B,D,H,97.0,ASP,L,P21852,97.0,D,T,C,71.46,P,C,5.0
79,79,79,346,346,98.0,B,N,H,98.0,ASN,L,P21852,98.0,N,I,C,71.46,T,C,6.0
80,80,80,347,347,99.0,B,A,H,99.0,ALA,L,P21852,99.0,A,M,C,71.46,A,C,7.0
81,81,81,348,348,100.0,B,V,H,100.0,VAL,L,P21852,100.0,V,A,C,71.46,A,C,7.0
82,82,82,349,349,101.0,B,G,C,101.0,GLY,L,P21852,101.0,G,A,C,71.46,N,C,7.0
83,83,83,350,350,102.0,B,V,C,102.0,VAL,L,P21852,102.0,V,A,C,71.46,G,C,7.0
84,84,84,351,351,103.0,B,H,C,103.0,HIS,L,P21852,103.0,H,G,C,70.27,I,C,4.0
85,85,85,352,352,104.0,B,I,C,104.0,ILE,L,P21852,104.0,I,D,H,70.27,Y,E,4.0
86,86,86,353,353,105.0,B,P,C,105.0,PRO,L,P21852,105.0,P,A,H,70.27,G,E,6.0
87,87,87,354,354,106.0,B,K,H,106.0,LYS,L,P21852,106.0,K,A,H,70.27,K,E,4.0
88,88,88,355,355,107.0,B,N,H,107.0,ASN,L,P21852,107.0,N,E,H,70.27,V,E,3.0
89,89,89,356,356,108.0,B,A,H,108.0,ALA,L,P21852,108.0,A,A,H,70.27,A,C,1.0
90,90,90,357,357,109.0,B,T,H,109.0,THR,L,P21852,109.0,T,A,H,70.27,N,C,5.0
91,91,91,358,358,110.0,B,Y,H,110.0,TYR,L,P21852,110.0,Y,L,H,70.27,H,C,4.0
92,92,92,359,359,111.0,B,I,H,111.0,ILE,L,P21852,111.0,I,E,H,70.27,T,H,2.0
93,93,93,360,360,112.0,B,R,H,112.0,ARG,L,P21852,112.0,R,Q,H,70.27,M,H,7.0
94,94,94,361,361,113.0,B,N,H,113.0,ASN,L,P21852,113.0,N,A,H,70.27,L,H,8.0
95,95,95,362,362,114.0,B,L,H,114.0,LEU,L,P21852,114.0,L,V,H,68.16,D,H,9.0
96,96,96,363,363,115.0,B,V,H,115.0,VAL,L,P21852,115.0,V,N,C,68.16,I,H,9.0
97,97,97,364,364,116.0,B,L,H,116.0,LEU,L,P21852,116.0,L,S,C,68.16,C,H,9.0
98,98,98,365,365,117.0,B,G,H,117.0,GLY,L,P21852,117.0,G,P,C,68.16,S,H,9.0
99,99,99,366,366,118.0,B,A,H,118.0,ALA,L,P21852,118.0,A,H,C,68.16,R,H,9.0
100,100,100,367,367,119.0,B,Q,H,119.0,GLN,L,P21852,119.0,Q,G,C,68.16,I,H,8.0
101,101,101,368,368,120.0,B,Y,H,120.0,TYR,L,P21852,120.0,Y,F,C,68.16,L,H,7.0
102,102,102,369,369,121.0,B,L,H,121.0,LEU,L,P21852,121.0,L,I,E,68.16,P,H,4.0
103,103,103,370,370,122.0,B,H,H,122.0,HIS,L,P21852,122.0,H,A,E,72.01,K,C,4.0
104,104,104,371,371,123.0,B,D,H,123.0,ASP,L,P21852,123.0,D,V,E,72.01,A,C,7.0
105,105,105,372,372,124.0,B,H,H,124.0,HIS,L,P21852,124.0,H,V,E,72.01,Q,C,5.0
106,106,106,373,373,125.0,B,I,H,125.0,ILE,L,P21852,125.0,I,E,E,72.01,A,E,2.0
107,107,107,374,374,126.0,B,V,H,126.0,VAL,L,P21852,126.0,V,G,C,72.01,V,E,5.0
108,108,108,375,375,127.0,B,H,C,127.0,HIS,L,P21852,127.0,H,G,C,74.68,I,E,6.0
109,109,109,376,376,128.0,B,F,C,128.0,PHE,L,P21852,128.0,F,I,E,74.68,A,E,5.0
110,110,110,377,377,129.0,B,Y,C,129.0,TYR,L,P21852,129.0,Y,P,E,74.68,Y,E,3.0
111,111,111,378,378,130.0,B,H,C,130.0,HIS,L,P21852,130.0,H,T,C,74.68,G,C,0.0
112,112,112,379,379,131.0,B,L,C,131.0,LEU,L,P21852,131.0,L,A,C,74.68,T,C,2.0
113,113,113,380,380,132.0,B,H,C,132.0,HIS,L,P21852,132.0,H,A,C,74.68,C,C,1.0
114,114,114,381,381,133.0,B,A,C,133.0,ALA,L,P21852,133.0,A,N,C,74.68,A,C,0.0
115,115,115,382,382,134.0,B,L,C,134.0,LEU,L,P21852,134.0,L,G,C,74.68,T,C,2.0
116,116,116,383,383,135.0,B,D,C,135.0,ASP,L,P21852,135.0,D,I,C,74.68,F,C,1.0
117,117,117,384,384,136.0,B,F,C,136.0,PHE,L,P21852,136.0,F,Y,C,67.09,G,C,4.0
118,118,118,385,385,137.0,B,V,C,137.0,VAL,L,P21852,137.0,V,G,C,67.09,G,C,6.0
119,119,119,386,386,138.0,B,D,C,138.0,ASP,L,P21852,138.0,D,K,E,67.09,V,C,5.0
120,120,120,387,387,139.0,B,V,C,139.0,VAL,L,P21852,139.0,V,V,E,67.09,Q,C,3.0
121,121,121,388,388,140.0,B,T,C,140.0,THR,L,P21852,140.0,T,A,C,67.09,A,C,2.0
122,122,122,389,389,141.0,B,A,C,141.0,ALA,L,P21852,141.0,A,N,C,67.09,A,C,1.0
123,123,123,390,390,142.0,B,A,C,142.0,ALA,L,P21852,142.0,A,H,E,67.09,K,C,5.0
124,124,124,391,391,143.0,B,L,C,143.0,LEU,L,P21852,143.0,L,T,E,67.09,P,C,7.0
125,125,125,392,392,144.0,B,K,C,144.0,LYS,L,P21852,144.0,K,M,H,67.09,N,C,7.0
126,126,126,393,393,145.0,B,A,C,145.0,ALA,L,P21852,145.0,A,L,H,67.09,P,C,7.0
127,127,127,394,394,146.0,B,D,C,146.0,ASP,L,P21852,146.0,D,D,H,67.09,T,C,7.0
128,128,128,395,395,147.0,B,P,H,147.0,PRO,L,P21852,147.0,P,I,H,74.52,G,C,6.0
129,129,129,396,396,148.0,B,A,H,148.0,ALA,L,P21852,148.0,A,C,H,74.52,A,C,5.0
130,130,130,397,397,149.0,B,K,H,149.0,LYS,L,P21852,149.0,K,S,H,74.52,K,C,1.0
131,131,131,398,398,150.0,B,A,H,150.0,ALA,L,P21852,150.0,A,R,H,74.52,G,C,1.0
132,132,132,399,399,151.0,B,A,H,151.0,ALA,L,P21852,151.0,A,I,H,70.46,V,C,6.0
133,133,133,400,400,152.0,B,K,H,152.0,LYS,L,P21852,152.0,K,L,C,70.46,N,C,6.0
134,134,134,401,401,153.0,B,V,H,153.0,VAL,L,P21852,153.0,V,P,C,70.46,D,C,7.0
135,135,135,402,402,154.0,B,A,H,154.0,ALA,L,P21852,154.0,A,K,C,70.46,A,C,6.0
136,136,136,403,403,155.0,B,S,H,155.0,SER,L,P21852,155.0,S,A,C,70.46,L,C,7.0
137,137,137,404,404,156.0,B,S,H,156.0,SER,L,P21852,156.0,S,Q,C,70.46,K,C,6.0
138,138,138,405,405,157.0,B,I,H,157.0,ILE,L,P21852,157.0,I,A,E,70.46,H,C,7.0
139,139,139,406,406,158.0,B,S,C,158.0,SER,L,P21852,158.0,S,V,E,76.51,L,C,7.0
140,140,140,407,407,159.0,B,P,C,159.0,PRO,L,P21852,159.0,P,I,E,76.51,G,C,7.0
141,141,141,408,408,160.0,B,R,C,160.0,ARG,L,P21852,160.0,R,A,E,76.51,V,C,7.0
142,142,142,409,409,161.0,B,K,C,161.0,LYS,L,P21852,161.0,K,Y,E,76.51,K,E,0.0
143,143,143,410,410,162.0,B,T,C,162.0,THR,L,P21852,162.0,T,G,C,76.51,A,E,1.0
144,144,144,411,411,163.0,B,T,C,163.0,THR,L,P21852,163.0,T,T,H,76.51,I,E,5.0
145,145,145,412,412,164.0,B,A,H,164.0,ALA,L,P21852,164.0,A,C,H,74.98,N,E,6.0
146,146,146,413,413,165.0,B,A,H,165.0,ALA,L,P21852,165.0,A,A,H,74.98,I,E,5.0
147,147,147,414,414,166.0,B,D,H,166.0,ASP,L,P21852,166.0,D,T,H,74.98,A,C,2.0
148,148,148,415,415,167.0,B,L,H,167.0,LEU,L,P21852,167.0,L,F,H,74.98,G,C,5.0
149,149,149,416,416,168.0,B,K,H,168.0,LYS,L,P21852,168.0,K,G,C,74.98,C,C,7.0
150,150,150,417,417,169.0,B,A,H,169.0,ALA,L,P21852,169.0,A,G,C,74.98,P,C,8.0
151,151,151,418,418,170.0,B,V,H,170.0,VAL,L,P21852,170.0,V,V,C,74.98,P,C,7.0
152,152,152,419,419,171.0,B,Q,H,171.0,GLN,L,P21852,171.0,Q,Q,C,74.98,N,C,5.0
153,153,153,420,420,172.0,B,D,H,172.0,ASP,L,P21852,172.0,D,A,C,74.98,P,H,2.0
154,154,154,421,421,173.0,B,K,H,173.0,LYS,L,P21852,173.0,K,A,C,74.98,Y,H,8.0
155,155,155,422,422,174.0,B,L,H,174.0,LEU,L,P21852,174.0,L,K,C,74.98,N,H,8.0
156,156,156,423,423,175.0,B,K,H,175.0,LYS,L,P21852,175.0,K,P,C,80.35,L,H,9.0
157,157,157,424,424,176.0,B,T,H,176.0,THR,L,P21852,176.0,T,N,C,80.35,V,H,9.0
158,158,158,425,425,177.0,B,F,H,177.0,PHE,L,P21852,177.0,F,P,C,80.35,G,H,9.0
159,159,159,426,426,178.0,B,V,H,178.0,VAL,L,P21852,178.0,V,T,C,80.35,T,H,9.0
160,160,160,427,427,179.0,B,E,H,179.0,GLU,L,P21852,179.0,E,G,C,80.35,I,H,9.0
161,161,161,428,428,180.0,B,T,C,180.0,THR,L,P21852,180.0,S,A,E,80.35,V,H,9.0
162,162,162,429,429,181.0,B,G,C,181.0,GLY,L,P21852,181.0,G,K,E,80.35,Y,H,9.0
163,163,163,430,430,182.0,B,Q,C,182.0,GLN,L,P21852,182.0,Q,G,C,80.35,Y,H,9.0
164,164,164,431,431,183.0,B,L,C,183.0,LEU,L,P21852,183.0,L,V,H,80.35,L,H,8.0
165,165,165,432,432,184.0,B,G,C,184.0,GLY,L,P21852,184.0,G,N,H,80.35,K,H,5.0
166,166,166,433,433,185.0,B,P,C,185.0,PRO,L,P21852,185.0,P,D,H,80.35,N,C,1.0
167,167,167,434,434,186.0,B,F,C,186.0,PHE,L,P21852,186.0,F,A,H,78.19,K,C,5.0
168,168,168,435,435,187.0,B,T,C,187.0,THR,L,P21852,187.0,T,L,C,78.19,A,C,7.0
169,169,169,436,436,188.0,B,N,C,188.0,ASN,L,P21852,188.0,N,K,C,78.19,A,C,7.0
170,170,170,437,437,189.0,B,A,C,189.0,ALA,L,P21852,189.0,A,H,C,78.19,P,C,7.0
171,171,171,438,438,190.0,B,Y,C,190.0,TYR,L,P21852,190.0,Y,L,C,78.19,E,C,7.0
172,172,172,439,439,191.0,B,F,C,191.0,PHE,L,P21852,191.0,F,G,C,78.19,L,C,7.0
173,173,173,440,440,192.0,B,L,C,192.0,LEU,L,P21852,192.0,L,V,C,78.19,D,C,7.0
174,174,174,441,441,193.0,B,G,C,193.0,GLY,L,P21852,193.0,G,K,C,78.19,S,C,7.0
175,175,175,442,442,194.0,B,G,C,194.0,GLY,L,P21852,194.0,G,A,C,76.44,L,C,7.0
176,176,176,443,443,195.0,B,H,C,195.0,HIS,L,P21852,195.0,H,I,E,76.44,N,C,6.0
177,177,177,444,444,196.0,B,P,C,196.0,PRO,L,P21852,196.0,P,N,E,76.44,R,C,6.0
178,178,178,445,445,197.0,B,A,C,197.0,ALA,L,P21852,197.0,A,I,E,76.44,P,C,4.0
179,179,179,446,446,198.0,B,Y,C,198.0,TYR,L,P21852,198.0,Y,A,C,76.44,T,C,0.0
180,180,180,447,447,199.0,B,Y,C,199.0,TYR,L,P21852,199.0,Y,G,C,76.44,M,E,5.0
181,181,181,448,448,200.0,B,L,C,200.0,LEU,L,P21852,200.0,L,C,C,76.44,F,E,4.0
182,182,182,449,449,201.0,B,D,C,201.0,ASP,L,P21852,201.0,D,P,C,76.44,F,C,2.0
183,183,183,450,450,202.0,B,P,H,202.0,PRO,L,P21852,202.0,P,P,C,76.44,G,C,5.0
184,184,184,451,451,203.0,B,E,H,203.0,GLU,L,P21852,203.0,E,N,C,76.44,Q,C,5.0
185,185,185,452,452,204.0,B,T,H,204.0,THR,L,P21852,204.0,T,P,H,76.44,T,C,4.0
186,186,186,453,453,205.0,B,N,H,205.0,ASN,L,P21852,205.0,N,Y,H,82.88,V,C,5.0
187,187,187,454,454,206.0,B,L,H,206.0,LEU,L,P21852,206.0,L,N,H,82.88,H,C,5.0
188,188,188,455,455,207.0,B,I,H,207.0,ILE,L,P21852,207.0,I,L,H,82.88,E,C,4.0
189,189,189,456,456,208.0,B,A,H,208.0,ALA,L,P21852,208.0,A,V,H,82.88,Q,C,4.0
190,190,190,457,457,209.0,B,T,H,209.0,THR,L,P21852,209.0,T,G,H,82.88,C,C,5.0
191,191,191,458,458,210.0,B,A,H,210.0,ALA,L,P21852,210.0,A,T,H,82.88,P,C,7.0
192,192,192,459,459,211.0,B,H,H,211.0,HIS,L,P21852,211.0,H,I,H,82.88,R,C,7.0
193,193,193,460,460,212.0,B,Y,H,212.0,TYR,L,P21852,212.0,Y,V,H,82.88,L,C,7.0
194,194,194,461,461,213.0,B,L,H,213.0,LEU,L,P21852,213.0,L,Y,H,83.06,P,C,7.0
195,195,195,462,462,214.0,B,E,H,214.0,GLU,L,P21852,214.0,E,Y,H,83.06,H,C,6.0
196,196,196,463,463,215.0,B,A,H,215.0,ALA,L,P21852,215.0,A,L,H,83.06,F,C,5.0
197,197,197,464,464,216.0,B,L,H,216.0,LEU,L,P21852,216.0,L,K,H,83.06,D,C,4.0
198,198,198,465,465,217.0,B,R,H,217.0,ARG,L,P21852,217.0,R,N,H,83.06,A,C,3.0
199,199,199,466,466,218.0,B,L,H,218.0,LEU,L,P21852,218.0,L,K,C,83.06,G,C,3.0
200,200,200,467,467,219.0,B,Q,H,219.0,GLN,L,P21852,219.0,Q,A,C,83.06,E,C,2.0
201,201,201,468,468,220.0,B,V,H,220.0,VAL,L,P21852,220.0,V,A,C,83.06,F,E,1.0
202,202,202,469,469,221.0,B,K,H,221.0,LYS,L,P21852,221.0,K,P,C,83.06,A,E,1.0
203,203,203,470,470,222.0,B,A,H,222.0,ALA,L,P21852,222.0,A,E,C,75.9,P,C,2.0
204,204,204,471,471,223.0,B,A,H,223.0,ALA,L,P21852,223.0,A,L,C,75.9,S,C,2.0
205,205,205,472,472,224.0,B,R,H,224.0,ARG,L,P21852,224.0,R,D,C,75.9,F,C,5.0
206,206,206,473,473,225.0,B,A,H,225.0,ALA,L,P21852,225.0,A,S,C,75.9,E,C,7.0
207,207,207,474,474,226.0,B,M,H,226.0,MET,L,P21852,226.0,M,L,C,75.9,S,C,7.0
208,208,208,475,475,227.0,B,A,H,227.0,ALA,L,P21852,227.0,A,N,C,75.9,E,C,7.0
209,209,209,476,476,228.0,B,V,H,228.0,VAL,L,P21852,228.0,V,R,C,75.9,E,C,7.0
210,210,210,477,477,229.0,B,F,H,229.0,PHE,L,P21852,229.0,F,P,C,75.9,A,C,8.0
211,211,211,478,478,230.0,B,G,H,230.0,GLY,L,P21852,230.0,G,T,H,75.9,R,C,7.0
212,212,212,479,479,231.0,B,A,C,231.0,ALA,L,P21852,231.0,A,M,H,75.9,K,C,7.0
213,213,213,480,480,232.0,B,K,C,232.0,LYS,L,P21852,232.0,K,F,H,75.9,G,C,2.0
214,214,214,481,481,233.0,B,N,C,233.0,ASN,L,P21852,233.0,N,F,H,81.39,W,E,5.0
215,215,215,482,482,234.0,B,P,C,234.0,PRO,L,P21852,234.0,P,G,C,81.39,C,E,7.0
216,216,216,483,483,235.0,B,H,C,235.0,HIS,L,P21852,235.0,H,Q,C,81.39,L,E,7.0
217,217,217,484,484,236.0,B,T,C,236.0,THR,L,P21852,236.0,T,T,C,81.39,Y,E,3.0
218,218,218,485,485,237.0,B,Q,C,237.0,GLN,L,P21852,237.0,Q,V,C,81.39,E,E,0.0
219,219,219,486,486,238.0,B,F,C,238.0,PHE,L,P21852,238.0,F,H,C,81.39,L,C,4.0
220,220,220,487,487,239.0,B,T,E,239.0,THR,L,P21852,239.0,T,E,C,83.65,G,C,7.0
221,221,221,488,488,240.0,B,V,E,240.0,VAL,L,P21852,240.0,V,Q,C,83.65,C,C,6.0
222,222,222,489,489,241.0,B,V,C,241.0,VAL,L,P21852,241.0,V,C,C,83.65,K,C,6.0
223,223,223,490,490,242.0,B,G,C,242.0,GLY,L,P21852,242.0,G,P,C,83.65,G,C,6.0
224,224,224,491,491,243.0,B,G,E,243.0,GLY,L,P21852,243.0,G,R,C,83.65,P,C,4.0
225,225,225,492,492,244.0,B,V,E,244.0,VAL,L,P21852,244.0,V,L,H,83.65,V,C,1.0
226,226,226,493,493,245.0,B,T,C,245.0,THR,L,P21852,245.0,T,P,H,83.65,T,E,1.0
227,227,227,494,494,246.0,B,C,C,246.0,CYS,L,P21852,246.0,C,H,H,81.76,M,C,2.0
228,228,228,495,495,247.0,B,Y,C,247.0,TYR,L,P21852,247.0,Y,F,H,81.76,N,C,4.0
229,229,229,496,496,248.0,B,D,C,248.0,ASP,L,P21852,248.0,D,D,H,81.76,N,C,7.0
230,230,230,497,497,249.0,B,A,C,249.0,ALA,L,P21852,249.0,A,A,C,81.76,C,C,7.0
231,231,231,498,498,250.0,B,L,C,250.0,LEU,L,P21852,250.0,L,G,C,81.76,P,C,7.0
232,232,232,499,499,251.0,B,T,C,251.0,THR,L,P21852,251.0,T,E,C,77.71,K,C,3.0
233,233,233,500,500,252.0,B,P,H,252.0,PRO,L,P21852,252.0,P,F,C,77.71,I,E,4.0
234,234,234,501,501,253.0,B,Q,H,253.0,GLN,L,P21852,253.0,Q,A,C,77.71,K,E,6.0
235,235,235,502,502,254.0,B,R,H,254.0,ARG,L,P21852,254.0,R,P,C,77.71,F,E,4.0
236,236,236,503,503,255.0,B,I,H,255.0,ILE,L,P21852,255.0,I,S,C,77.71,N,C,2.0
237,237,237,504,504,256.0,B,A,H,256.0,ALA,L,P21852,256.0,A,F,C,77.71,Q,C,6.0
238,238,238,505,505,257.0,B,E,H,257.0,GLU,L,P21852,257.0,E,E,C,77.71,T,C,7.0
239,239,239,506,506,258.0,B,F,H,258.0,PHE,L,P21852,258.0,F,S,C,77.71,N,C,7.0
240,240,240,507,507,259.0,B,E,H,259.0,GLU,L,P21852,259.0,E,E,H,81.29,W,C,7.0
241,241,241,508,508,260.0,B,A,H,260.0,ALA,L,P21852,260.0,A,E,H,81.29,P,C,7.0
242,242,242,509,509,261.0,B,L,H,261.0,LEU,L,P21852,261.0,L,A,H,81.29,V,C,6.0
243,243,243,510,510,262.0,B,W,H,262.0,TRP,L,P21852,262.0,W,R,H,81.29,D,C,7.0
244,244,244,511,511,263.0,B,K,H,263.0,LYS,L,P21852,263.0,K,K,C,81.29,A,C,7.0
245,245,245,512,512,264.0,B,E,H,264.0,GLU,L,P21852,264.0,E,G,C,83.23,G,C,7.0
246,246,246,513,513,265.0,B,T,H,265.0,THR,L,P21852,265.0,T,W,C,83.23,H,C,6.0
247,247,247,514,514,266.0,B,K,H,266.0,LYS,L,P21852,266.0,K,C,C,83.23,P,E,0.0
248,248,248,515,515,267.0,B,A,H,267.0,ALA,L,P21852,267.0,A,L,C,83.23,C,E,3.0
249,249,249,516,516,268.0,B,F,H,268.0,PHE,L,P21852,268.0,F,Y,C,83.23,I,E,2.0
250,250,250,517,517,269.0,B,V,C,269.0,VAL,L,P21852,269.0,V,E,C,83.23,G,E,0.0
251,251,251,518,518,270.0,B,D,C,270.0,ASP,L,P21852,270.0,D,L,C,83.23,C,E,0.0
252,252,252,519,519,271.0,B,E,C,271.0,GLU,L,P21852,271.0,E,G,C,76.07,S,C,6.0
253,253,253,520,520,272.0,B,V,C,272.0,VAL,L,P21852,272.0,V,C,C,76.07,E,C,7.0
254,254,254,521,521,273.0,B,Y,C,273.0,TYR,L,P21852,273.0,Y,K,C,76.07,P,C,7.0
255,255,255,522,522,274.0,B,I,H,274.0,ILE,L,P21852,274.0,I,G,C,76.07,D,C,7.0
256,256,256,523,523,275.0,B,P,H,275.0,PRO,L,P21852,275.0,P,P,C,76.07,F,C,6.0
257,257,257,524,524,276.0,B,D,H,276.0,ASP,L,P21852,276.0,D,V,C,76.07,W,C,7.0
258,258,258,525,525,277.0,B,L,H,277.0,LEU,L,P21852,277.0,L,T,C,76.07,D,C,7.0
259,259,259,526,526,278.0,B,L,H,278.0,LEU,L,P21852,278.0,L,M,C,75.77,A,C,7.0
260,260,260,527,527,279.0,B,V,H,279.0,VAL,L,P21852,279.0,V,N,C,75.77,M,C,7.0
261,261,261,528,528,280.0,B,V,H,280.0,VAL,L,P21852,280.0,V,N,C,75.77,T,C,7.0
262,262,262,529,529,281.0,B,A,H,281.0,ALA,L,P21852,281.0,A,C,H,75.77,P,C,6.0
263,263,263,530,530,282.0,B,A,H,282.0,ALA,L,P21852,282.0,A,P,H,75.77,F,C,3.0
264,264,264,531,531,283.0,B,A,H,283.0,ALA,L,P21852,283.0,A,K,H,75.77,Y,C,2.0
265,265,265,532,532,284.0,B,Y,C,284.0,TYR,L,P21852,284.0,Y,I,H,75.77,Q,C,7.0
266,266,266,533,533,285.0,B,K,C,285.0,LYS,L,P21852,285.0,K,K,C,75.77,N,C,9.0
267,267,267,534,534,286.0,B,D,C,286.0,ASP,L,P21852,286.0,D,F,C,77.91,,,
268,268,268,535,535,287.0,B,W,C,287.0,TRP,L,P21852,287.0,W,N,C,77.91,,,
269,269,269,536,536,288.0,B,T,C,288.0,THR,L,P21852,288.0,T,Q,C,77.91,,,
270,270,270,537,537,289.0,B,Q,C,289.0,GLN,L,P21852,289.0,Q,T,C,77.91,,,
271,271,271,538,538,290.0,B,Y,C,290.0,TYR,L,P21852,290.0,Y,N,C,79.18,,,
272,272,272,539,539,291.0,B,G,C,291.0,GLY,L,P21852,291.0,G,W,C,79.18,,,
273,273,273,540,540,292.0,B,G,C,292.0,GLY,L,P21852,292.0,G,P,C,79.18,,,
274,274,274,541,541,293.0,B,T,C,293.0,THR,L,P21852,293.0,T,V,C,79.18,,,
275,275,275,542,542,294.0,B,D,C,294.0,ASP,L,P21852,294.0,D,D,C,79.18,,,
276,276,276,543,543,295.0,B,N,C,295.0,ASN,L,P21852,295.0,N,A,C,79.18,,,
277,277,277,544,544,296.0,B,F,E,296.0,PHE,L,P21852,296.0,F,G,C,79.18,,,
278,278,278,545,545,297.0,B,I,E,297.0,ILE,L,P21852,297.0,I,H,C,79.18,,,
279,279,279,546,546,298.0,B,T,E,298.0,THR,L,P21852,298.0,T,P,C,79.33,,,
280,280,280,547,547,299.0,B,F,E,299.0,PHE,L,P21852,299.0,F,C,C,79.33,,,
281,281,281,548,548,300.0,B,G,E,300.0,GLY,L,P21852,300.0,G,I,C,79.33,,,
282,282,282,549,549,301.0,B,E,E,301.0,GLU,L,P21852,301.0,E,G,C,79.33,,,
283,283,283,550,550,302.0,B,F,E,302.0,PHE,L,P21852,302.0,F,C,C,81.57,,,
284,284,284,551,551,303.0,B,P,E,303.0,PRO,L,P21852,303.0,P,S,C,81.57,,,
285,285,285,552,552,304.0,B,K,C,304.0,LYS,L,P21852,304.0,K,E,C,81.57,,,
286,286,286,553,553,305.0,B,D,C,305.0,ASP,L,P21852,305.0,D,P,C,81.57,,,
287,287,287,554,554,306.0,B,E,C,306.0,GLU,L,P21852,306.0,E,D,C,81.57,,,
288,288,288,555,555,307.0,B,Y,C,307.0,TYR,L,P21852,307.0,Y,F,H,81.57,,,
289,289,289,556,556,308.0,B,D,C,308.0,ASP,L,P21852,308.0,D,W,H,81.57,,,
290,290,290,557,557,309.0,B,L,C,309.0,LEU,L,P21852,309.0,L,D,H,81.99,,,
291,291,291,558,558,310.0,B,N,C,310.0,ASN,L,P21852,310.0,N,A,H,81.99,,,
292,292,292,559,559,311.0,B,S,C,311.0,SER,L,P21852,311.0,S,M,C,81.99,,,
293,293,293,560,560,312.0,B,R,E,312.0,ARG,L,P21852,312.0,R,T,C,81.99,,,
294,294,294,561,561,313.0,B,F,E,313.0,PHE,L,P21852,313.0,F,P,C,81.99,,,
295,295,295,562,562,314.0,B,F,E,314.0,PHE,L,P21852,314.0,F,F,C,81.94,,,
296,296,296,563,563,315.0,B,K,E,315.0,LYS,L,P21852,315.0,K,Y,C,81.94,,,
297,297,297,564,564,316.0,B,P,E,316.0,PRO,L,P21852,316.0,P,Q,C,81.94,,,
