,RES,CHAIN,AA,SS_CLASS,PDB_dbResNum,PDB_dbResName,PDB_dbChainId,UniProt_dbAccessionId,UniProt_dbResNum,UniProt_dbResName
0,3.0,A,A,C,3.0,ALA,A,P05327,3.0,A
1,4.0,A,P,C,4.0,PRO,A,P05327,4.0,P
2,5.0,A,I,E,5.0,ILE,A,P05327,5.0,I
3,6.0,A,L,E,6.0,LEU,A,P05327,6.0,L
4,7.0,A,F,E,7.0,PHE,A,P05327,7.0,F
5,8.0,A,W,E,8.0,TRP,A,P05327,8.0,W
6,9.0,A,H,E,9.0,HIS,A,P05327,9.0,H
7,10.0,A,R,C,10.0,ARG,A,P05327,10.0,R
8,11.0,A,R,C,11.0,ARG,A,P05327,11.0,R
9,12.0,A,D,C,12.0,ASP,A,P05327,12.0,D
10,13.0,A,L,C,13.0,LEU,A,P05327,13.0,L
11,14.0,A,R,C,14.0,ARG,A,P05327,14.0,R
12,15.0,A,L,C,15.0,LEU,A,P05327,15.0,L
13,16.0,A,S,C,16.0,SER,A,P05327,16.0,S
14,17.0,A,D,C,17.0,ASP,A,P05327,17.0,D
15,18.0,A,N,C,18.0,ASN,A,P05327,18.0,N
16,19.0,A,I,H,19.0,ILE,A,P05327,19.0,I
17,20.0,A,G,H,20.0,GLY,A,P05327,20.0,G
18,21.0,A,L,H,21.0,LEU,A,P05327,21.0,L
19,22.0,A,A,H,22.0,ALA,A,P05327,22.0,A
20,23.0,A,A,H,23.0,ALA,A,P05327,23.0,A
21,24.0,A,A,H,24.0,ALA,A,P05327,24.0,A
22,25.0,A,R,H,25.0,ARG,A,P05327,25.0,R
23,26.0,A,A,H,26.0,ALA,A,P05327,26.0,A
24,27.0,A,Q,H,27.0,GLN,A,P05327,27.0,Q
25,28.0,A,S,C,28.0,SER,A,P05327,28.0,S
26,29.0,A,A,C,29.0,ALA,A,P05327,29.0,A
27,30.0,A,Q,C,30.0,GLN,A,P05327,30.0,Q
28,31.0,A,L,E,31.0,LEU,A,P05327,31.0,L
29,32.0,A,I,E,32.0,ILE,A,P05327,32.0,I
30,33.0,A,G,E,33.0,GLY,A,P05327,33.0,G
31,34.0,A,L,E,34.0,LEU,A,P05327,34.0,L
32,35.0,A,F,E,35.0,PHE,A,P05327,35.0,F
33,36.0,A,C,E,36.0,CYS,A,P05327,36.0,C
34,37.0,A,L,E,37.0,LEU,A,P05327,37.0,L
35,38.0,A,D,C,38.0,ASP,A,P05327,38.0,D
36,39.0,A,P,H,39.0,PRO,A,P05327,39.0,P
37,40.0,A,Q,H,40.0,GLN,A,P05327,40.0,Q
38,41.0,A,I,H,41.0,ILE,A,P05327,41.0,I
39,42.0,A,L,H,42.0,LEU,A,P05327,42.0,L
40,43.0,A,Q,C,43.0,GLN,A,P05327,43.0,Q
41,44.0,A,S,C,44.0,SER,A,P05327,44.0,S
42,45.0,A,A,C,45.0,ALA,A,P05327,45.0,A
43,46.0,A,D,C,46.0,ASP,A,P05327,46.0,D
44,47.0,A,M,C,47.0,MET,A,P05327,47.0,M
45,48.0,A,A,C,48.0,ALA,A,P05327,48.0,A
46,49.0,A,P,H,49.0,PRO,A,P05327,49.0,P
47,50.0,A,A,H,50.0,ALA,A,P05327,50.0,A
48,51.0,A,R,H,51.0,ARG,A,P05327,51.0,R
49,52.0,A,V,H,52.0,VAL,A,P05327,52.0,V
50,53.0,A,A,H,53.0,ALA,A,P05327,53.0,A
51,54.0,A,Y,H,54.0,TYR,A,P05327,54.0,Y
52,55.0,A,L,H,55.0,LEU,A,P05327,55.0,L
53,56.0,A,Q,H,56.0,GLN,A,P05327,56.0,Q
54,57.0,A,G,H,57.0,GLY,A,P05327,57.0,G
55,58.0,A,C,H,58.0,CYS,A,P05327,58.0,C
56,59.0,A,L,H,59.0,LEU,A,P05327,59.0,L
57,60.0,A,Q,H,60.0,GLN,A,P05327,60.0,Q
58,61.0,A,E,H,61.0,GLU,A,P05327,61.0,E
59,62.0,A,L,H,62.0,LEU,A,P05327,62.0,L
60,63.0,A,Q,H,63.0,GLN,A,P05327,63.0,Q
61,64.0,A,Q,H,64.0,GLN,A,P05327,64.0,Q
62,65.0,A,R,H,65.0,ARG,A,P05327,65.0,R
63,66.0,A,Y,H,66.0,TYR,A,P05327,66.0,Y
64,67.0,A,Q,H,67.0,GLN,A,P05327,67.0,Q
65,68.0,A,Q,H,68.0,GLN,A,P05327,68.0,Q
66,69.0,A,A,H,69.0,ALA,A,P05327,69.0,A
67,70.0,A,G,C,70.0,GLY,A,P05327,70.0,G
68,71.0,A,S,C,71.0,SER,A,P05327,71.0,S
69,72.0,A,R,C,72.0,ARG,A,P05327,72.0,R
70,73.0,A,L,E,73.0,LEU,A,P05327,73.0,L
71,74.0,A,L,E,74.0,LEU,A,P05327,74.0,L
72,75.0,A,L,E,75.0,LEU,A,P05327,75.0,L
73,76.0,A,L,E,76.0,LEU,A,P05327,76.0,L
74,77.0,A,Q,E,77.0,GLN,A,P05327,77.0,Q
75,78.0,A,G,C,78.0,GLY,A,P05327,78.0,G
76,79.0,A,D,C,79.0,ASP,A,P05327,79.0,D
77,80.0,A,P,H,80.0,PRO,A,P05327,80.0,P
78,81.0,A,Q,H,81.0,GLN,A,P05327,81.0,Q
79,82.0,A,H,H,82.0,HIS,A,P05327,82.0,H
80,83.0,A,L,H,83.0,LEU,A,P05327,83.0,L
81,84.0,A,I,H,84.0,ILE,A,P05327,84.0,I
82,85.0,A,P,H,85.0,PRO,A,P05327,85.0,P
83,86.0,A,Q,H,86.0,GLN,A,P05327,86.0,Q
84,87.0,A,L,H,87.0,LEU,A,P05327,87.0,L
85,88.0,A,A,H,88.0,ALA,A,P05327,88.0,A
86,89.0,A,Q,H,89.0,GLN,A,P05327,89.0,Q
87,90.0,A,Q,H,90.0,GLN,A,P05327,90.0,Q
88,91.0,A,L,C,91.0,LEU,A,P05327,91.0,L
89,92.0,A,Q,C,92.0,GLN,A,P05327,92.0,Q
90,93.0,A,A,C,93.0,ALA,A,P05327,93.0,A
91,94.0,A,E,C,94.0,GLU,A,P05327,94.0,E
92,95.0,A,A,E,95.0,ALA,A,P05327,95.0,A
93,96.0,A,V,E,96.0,VAL,A,P05327,96.0,V
94,97.0,A,Y,E,97.0,TYR,A,P05327,97.0,Y
95,98.0,A,W,E,98.0,TRP,A,P05327,98.0,W
96,99.0,A,N,E,99.0,ASN,A,P05327,99.0,N
97,100.0,A,Q,C,100.0,GLN,A,P05327,100.0,Q
98,101.0,A,D,C,101.0,ASP,A,P05327,101.0,D
99,102.0,A,I,C,102.0,ILE,A,P05327,102.0,I
100,103.0,A,E,C,103.0,GLU,A,P05327,103.0,E
101,104.0,A,P,H,104.0,PRO,A,P05327,104.0,P
102,105.0,A,Y,H,105.0,TYR,A,P05327,105.0,Y
103,106.0,A,G,H,106.0,GLY,A,P05327,106.0,G
104,107.0,A,R,H,107.0,ARG,A,P05327,107.0,R
105,108.0,A,D,H,108.0,ASP,A,P05327,108.0,D
106,109.0,A,R,H,109.0,ARG,A,P05327,109.0,R
107,110.0,A,D,H,110.0,ASP,A,P05327,110.0,D
108,111.0,A,G,H,111.0,GLY,A,P05327,111.0,G
109,112.0,A,Q,H,112.0,GLN,A,P05327,112.0,Q
110,113.0,A,V,H,113.0,VAL,A,P05327,113.0,V
111,114.0,A,A,H,114.0,ALA,A,P05327,114.0,A
112,115.0,A,A,H,115.0,ALA,A,P05327,115.0,A
113,116.0,A,A,H,116.0,ALA,A,P05327,116.0,A
114,117.0,A,L,H,117.0,LEU,A,P05327,117.0,L
115,118.0,A,K,H,118.0,LYS,A,P05327,118.0,K
116,119.0,A,T,H,119.0,THR,A,P05327,119.0,T
117,120.0,A,A,C,120.0,ALA,A,P05327,120.0,A
118,121.0,A,G,C,121.0,GLY,A,P05327,121.0,G
119,122.0,A,I,C,122.0,ILE,A,P05327,122.0,I
120,123.0,A,R,E,123.0,ARG,A,P05327,123.0,R
121,124.0,A,A,E,124.0,ALA,A,P05327,124.0,A
122,125.0,A,V,E,125.0,VAL,A,P05327,125.0,V
123,126.0,A,Q,E,126.0,GLN,A,P05327,126.0,Q
124,127.0,A,L,E,127.0,LEU,A,P05327,127.0,L
125,128.0,A,W,C,128.0,TRP,A,P05327,128.0,W
126,129.0,A,D,C,129.0,ASP,A,P05327,129.0,D
127,130.0,A,Q,C,130.0,GLN,A,P05327,130.0,Q
128,131.0,A,L,C,131.0,LEU,A,P05327,131.0,L
129,132.0,A,L,C,132.0,LEU,A,P05327,132.0,L
130,133.0,A,H,C,133.0,HIS,A,P05327,133.0,H
131,134.0,A,S,C,134.0,SER,A,P05327,134.0,S
132,135.0,A,P,C,135.0,PRO,A,P05327,135.0,P
133,136.0,A,D,C,136.0,ASP,A,P05327,136.0,D
134,137.0,A,Q,C,137.0,GLN,A,P05327,137.0,Q
135,138.0,A,I,C,138.0,ILE,A,P05327,138.0,I
136,139.0,A,L,C,139.0,LEU,A,P05327,139.0,L
137,140.0,A,S,C,140.0,SER,A,P05327,140.0,S
138,141.0,A,G,C,141.0,GLY,A,P05327,141.0,G
139,142.0,A,S,C,142.0,SER,A,P05327,142.0,S
140,143.0,A,G,C,143.0,GLY,A,P05327,143.0,G
141,144.0,A,N,C,144.0,ASN,A,P05327,144.0,N
142,145.0,A,P,C,145.0,PRO,A,P05327,145.0,P
143,146.0,A,Y,C,146.0,TYR,A,P05327,146.0,Y
144,147.0,A,S,C,147.0,SER,A,P05327,147.0,S
145,148.0,A,V,C,148.0,VAL,A,P05327,148.0,V
146,149.0,A,Y,H,149.0,TYR,A,P05327,149.0,Y
147,150.0,A,G,H,150.0,GLY,A,P05327,150.0,G
148,151.0,A,P,H,151.0,PRO,A,P05327,151.0,P
149,152.0,A,F,H,152.0,PHE,A,P05327,152.0,F
150,153.0,A,W,H,153.0,TRP,A,P05327,153.0,W
151,154.0,A,K,H,154.0,LYS,A,P05327,154.0,K
152,155.0,A,N,H,155.0,ASN,A,P05327,155.0,N
153,156.0,A,W,H,156.0,TRP,A,P05327,156.0,W
154,157.0,A,Q,H,157.0,GLN,A,P05327,157.0,Q
155,158.0,A,A,H,158.0,ALA,A,P05327,158.0,A
156,159.0,A,Q,C,159.0,GLN,A,P05327,159.0,Q
157,160.0,A,P,C,160.0,PRO,A,P05327,160.0,P
158,161.0,A,K,C,161.0,LYS,A,P05327,161.0,K
159,162.0,A,P,C,162.0,PRO,A,P05327,162.0,P
160,163.0,A,T,C,163.0,THR,A,P05327,163.0,T
161,164.0,A,P,C,164.0,PRO,A,P05327,164.0,P
162,165.0,A,V,C,165.0,VAL,A,P05327,165.0,V
163,166.0,A,A,C,166.0,ALA,A,P05327,166.0,A
164,167.0,A,T,C,167.0,THR,A,P05327,167.0,T
165,168.0,A,P,C,168.0,PRO,A,P05327,168.0,P
166,169.0,A,T,C,169.0,THR,A,P05327,169.0,T
167,170.0,A,E,C,170.0,GLU,A,P05327,170.0,E
168,171.0,A,L,C,171.0,LEU,A,P05327,171.0,L
169,172.0,A,V,C,172.0,VAL,A,P05327,172.0,V
170,173.0,A,D,C,173.0,ASP,A,P05327,173.0,D
171,174.0,A,L,C,174.0,LEU,A,P05327,174.0,L
172,175.0,A,S,C,175.0,SER,A,P05327,175.0,S
173,176.0,A,P,H,176.0,PRO,A,P05327,176.0,P
174,177.0,A,E,H,177.0,GLU,A,P05327,177.0,E
175,178.0,A,Q,H,178.0,GLN,A,P05327,178.0,Q
176,179.0,A,L,H,179.0,LEU,A,P05327,179.0,L
177,180.0,A,T,H,180.0,THR,A,P05327,180.0,T
178,181.0,A,A,H,181.0,ALA,A,P05327,181.0,A
179,182.0,A,I,H,182.0,ILE,A,P05327,182.0,I
180,183.0,A,A,C,183.0,ALA,A,P05327,183.0,A
181,184.0,A,P,C,184.0,PRO,A,P05327,184.0,P
182,185.0,A,L,C,185.0,LEU,A,P05327,185.0,L
183,186.0,A,L,C,186.0,LEU,A,P05327,186.0,L
184,187.0,A,L,C,187.0,LEU,A,P05327,187.0,L
185,188.0,A,S,C,188.0,SER,A,P05327,188.0,S
186,189.0,A,E,C,189.0,GLU,A,P05327,189.0,E
187,190.0,A,L,C,190.0,LEU,A,P05327,190.0,L
188,191.0,A,P,C,191.0,PRO,A,P05327,191.0,P
189,192.0,A,T,C,192.0,THR,A,P05327,192.0,T
190,193.0,A,L,C,193.0,LEU,A,P05327,193.0,L
191,194.0,A,K,C,194.0,LYS,A,P05327,194.0,K
192,195.0,A,Q,C,195.0,GLN,A,P05327,195.0,Q
193,196.0,A,L,C,196.0,LEU,A,P05327,196.0,L
194,197.0,A,G,C,197.0,GLY,A,P05327,197.0,G
195,198.0,A,F,C,198.0,PHE,A,P05327,198.0,F
196,199.0,A,D,C,199.0,ASP,A,P05327,199.0,D
197,200.0,A,W,C,200.0,TRP,A,P05327,200.0,W
198,201.0,A,D,C,201.0,ASP,A,P05327,201.0,D
199,202.0,A,G,C,202.0,GLY,A,P05327,202.0,G
200,203.0,A,G,C,203.0,GLY,A,P05327,203.0,G
201,204.0,A,F,C,204.0,PHE,A,P05327,204.0,F
202,205.0,A,P,C,205.0,PRO,A,P05327,205.0,P
203,206.0,A,V,C,206.0,VAL,A,P05327,206.0,V
204,207.0,A,E,C,207.0,GLU,A,P05327,207.0,E
205,208.0,A,P,C,208.0,PRO,A,P05327,208.0,P
206,209.0,A,G,C,209.0,GLY,A,P05327,209.0,G
207,210.0,A,E,H,210.0,GLU,A,P05327,210.0,E
208,211.0,A,T,H,211.0,THR,A,P05327,211.0,T
209,212.0,A,A,H,212.0,ALA,A,P05327,212.0,A
210,213.0,A,A,H,213.0,ALA,A,P05327,213.0,A
211,214.0,A,I,H,214.0,ILE,A,P05327,214.0,I
212,215.0,A,A,H,215.0,ALA,A,P05327,215.0,A
213,216.0,A,R,H,216.0,ARG,A,P05327,216.0,R
214,217.0,A,L,H,217.0,LEU,A,P05327,217.0,L
215,218.0,A,Q,H,218.0,GLN,A,P05327,218.0,Q
216,219.0,A,E,H,219.0,GLU,A,P05327,219.0,E
217,220.0,A,F,H,220.0,PHE,A,P05327,220.0,F
218,221.0,A,C,H,221.0,CYS,A,P05327,221.0,C
219,222.0,A,D,H,222.0,ASP,A,P05327,222.0,D
220,223.0,A,R,C,223.0,ARG,A,P05327,223.0,R
221,224.0,A,A,C,224.0,ALA,A,P05327,224.0,A
222,225.0,A,I,C,225.0,ILE,A,P05327,225.0,I
223,226.0,A,A,C,226.0,ALA,A,P05327,226.0,A
224,227.0,A,D,C,227.0,ASP,A,P05327,227.0,D
225,228.0,A,Y,H,228.0,TYR,A,P05327,228.0,Y
226,229.0,A,D,H,229.0,ASP,A,P05327,229.0,D
227,230.0,A,P,H,230.0,PRO,A,P05327,230.0,P
228,231.0,A,Q,H,231.0,GLN,A,P05327,231.0,Q
229,232.0,A,R,C,232.0,ARG,A,P05327,232.0,R
230,233.0,A,N,C,233.0,ASN,A,P05327,233.0,N
231,234.0,A,F,C,234.0,PHE,A,P05327,234.0,F
232,235.0,A,P,C,235.0,PRO,A,P05327,235.0,P
233,236.0,A,A,C,236.0,ALA,A,P05327,236.0,A
234,237.0,A,E,C,237.0,GLU,A,P05327,237.0,E
235,238.0,A,A,C,238.0,ALA,A,P05327,238.0,A
236,239.0,A,G,C,239.0,GLY,A,P05327,239.0,G
237,240.0,A,T,C,240.0,THR,A,P05327,240.0,T
238,241.0,A,S,C,241.0,SER,A,P05327,241.0,S
239,242.0,A,G,C,242.0,GLY,A,P05327,242.0,G
240,243.0,A,L,C,243.0,LEU,A,P05327,243.0,L
241,244.0,A,S,H,244.0,SER,A,P05327,244.0,S
242,245.0,A,P,H,245.0,PRO,A,P05327,245.0,P
243,246.0,A,A,H,246.0,ALA,A,P05327,246.0,A
244,247.0,A,L,H,247.0,LEU,A,P05327,247.0,L
245,248.0,A,K,H,248.0,LYS,A,P05327,248.0,K
246,249.0,A,F,C,249.0,PHE,A,P05327,249.0,F
247,250.0,A,G,C,250.0,GLY,A,P05327,250.0,G
248,251.0,A,A,C,251.0,ALA,A,P05327,251.0,A
249,252.0,A,I,C,252.0,ILE,A,P05327,252.0,I
250,253.0,A,G,C,253.0,GLY,A,P05327,253.0,G
251,254.0,A,I,H,254.0,ILE,A,P05327,254.0,I
252,255.0,A,R,H,255.0,ARG,A,P05327,255.0,R
253,256.0,A,Q,H,256.0,GLN,A,P05327,256.0,Q
254,257.0,A,A,H,257.0,ALA,A,P05327,257.0,A
255,258.0,A,W,H,258.0,TRP,A,P05327,258.0,W
256,259.0,A,Q,H,259.0,GLN,A,P05327,259.0,R
257,260.0,A,A,H,260.0,ALA,A,P05327,260.0,A
258,261.0,A,A,H,261.0,ALA,A,P05327,261.0,A
259,262.0,A,S,H,262.0,SER,A,P05327,262.0,S
260,263.0,A,A,H,263.0,ALA,A,P05327,263.0,A
261,264.0,A,A,H,264.0,ALA,A,P05327,264.0,A
262,265.0,A,H,H,265.0,HIS,A,P05327,265.0,H
263,266.0,A,A,H,266.0,ALA,A,P05327,266.0,A
264,267.0,A,L,H,267.0,LEU,A,P05327,267.0,L
265,268.0,A,S,C,268.0,SER,A,P05327,268.0,S
266,269.0,A,R,C,269.0,ARG,A,P05327,269.0,R
267,270.0,A,S,C,270.0,SER,A,P05327,270.0,S
268,271.0,A,D,H,271.0,ASP,A,P05327,271.0,D
269,272.0,A,E,H,272.0,GLU,A,P05327,272.0,E
270,273.0,A,A,H,273.0,ALA,A,P05327,273.0,A
271,274.0,A,R,H,274.0,ARG,A,P05327,274.0,R
272,275.0,A,N,H,275.0,ASN,A,P05327,275.0,N
273,276.0,A,S,H,276.0,SER,A,P05327,276.0,S
274,277.0,A,I,H,277.0,ILE,A,P05327,277.0,I
275,278.0,A,R,H,278.0,ARG,A,P05327,278.0,R
276,279.0,A,V,H,279.0,VAL,A,P05327,279.0,V
277,280.0,A,W,H,280.0,TRP,A,P05327,280.0,W
278,281.0,A,Q,H,281.0,GLN,A,P05327,281.0,Q
279,282.0,A,Q,H,282.0,GLN,A,P05327,282.0,Q
280,283.0,A,E,H,283.0,GLU,A,P05327,283.0,E
281,284.0,A,L,H,284.0,LEU,A,P05327,284.0,L
282,285.0,A,A,H,285.0,ALA,A,P05327,285.0,A
283,286.0,A,W,H,286.0,TRP,A,P05327,286.0,W
284,287.0,A,R,H,287.0,ARG,A,P05327,287.0,R
285,288.0,A,E,H,288.0,GLU,A,P05327,288.0,E
286,289.0,A,F,H,289.0,PHE,A,P05327,289.0,F
287,290.0,A,Y,H,290.0,TYR,A,P05327,290.0,Y
288,291.0,A,Q,H,291.0,GLN,A,P05327,291.0,Q
289,292.0,A,H,H,292.0,HIS,A,P05327,292.0,H
290,293.0,A,A,H,293.0,ALA,A,P05327,293.0,A
291,294.0,A,L,H,294.0,LEU,A,P05327,294.0,L
292,295.0,A,Y,H,295.0,TYR,A,P05327,295.0,Y
293,296.0,A,H,H,296.0,HIS,A,P05327,296.0,H
294,297.0,A,F,C,297.0,PHE,A,P05327,297.0,F
295,298.0,A,P,C,298.0,PRO,A,P05327,298.0,P
296,299.0,A,S,C,299.0,SER,A,P05327,299.0,S
297,300.0,A,L,C,300.0,LEU,A,P05327,300.0,L
298,301.0,A,A,C,301.0,ALA,A,P05327,301.0,A
299,302.0,A,D,C,302.0,ASP,A,P05327,302.0,D
300,303.0,A,G,C,303.0,GLY,A,P05327,303.0,G
301,304.0,A,P,C,304.0,PRO,A,P05327,304.0,P
302,305.0,A,Y,C,305.0,TYR,A,P05327,305.0,Y
303,306.0,A,R,C,306.0,ARG,A,P05327,306.0,R
304,307.0,A,S,C,307.0,SER,A,P05327,307.0,S
305,308.0,A,L,C,308.0,LEU,A,P05327,308.0,L
306,309.0,A,W,C,309.0,TRP,A,P05327,309.0,W
307,310.0,A,Q,C,310.0,GLN,A,P05327,310.0,Q
308,311.0,A,Q,C,311.0,GLN,A,P05327,311.0,Q
309,312.0,A,F,C,312.0,PHE,A,P05327,312.0,F
310,313.0,A,P,C,313.0,PRO,A,P05327,313.0,P
311,314.0,A,W,C,314.0,TRP,A,P05327,314.0,W
312,315.0,A,E,C,315.0,GLU,A,P05327,315.0,E
313,316.0,A,N,C,316.0,ASN,A,P05327,316.0,N
314,317.0,A,R,C,317.0,ARG,A,P05327,317.0,R
315,318.0,A,E,H,318.0,GLU,A,P05327,318.0,E
316,319.0,A,A,H,319.0,ALA,A,P05327,319.0,A
317,320.0,A,L,H,320.0,LEU,A,P05327,320.0,L
318,321.0,A,F,H,321.0,PHE,A,P05327,321.0,F
319,322.0,A,T,H,322.0,THR,A,P05327,322.0,T
320,323.0,A,A,H,323.0,ALA,A,P05327,323.0,A
321,324.0,A,W,H,324.0,TRP,A,P05327,324.0,W
322,325.0,A,T,H,325.0,THR,A,P05327,325.0,T
323,326.0,A,Q,C,326.0,GLN,A,P05327,326.0,Q
324,327.0,A,A,C,327.0,ALA,A,P05327,327.0,A
325,328.0,A,Q,C,328.0,GLN,A,P05327,328.0,Q
326,329.0,A,T,C,329.0,THR,A,P05327,329.0,T
327,330.0,A,G,C,330.0,GLY,A,P05327,330.0,G
328,331.0,A,Y,C,331.0,TYR,A,P05327,331.0,Y
329,332.0,A,P,H,332.0,PRO,A,P05327,332.0,P
330,333.0,A,I,H,333.0,ILE,A,P05327,333.0,I
331,334.0,A,V,H,334.0,VAL,A,P05327,334.0,V
332,335.0,A,D,H,335.0,ASP,A,P05327,335.0,D
333,336.0,A,A,H,336.0,ALA,A,P05327,336.0,A
334,337.0,A,A,H,337.0,ALA,A,P05327,337.0,A
335,338.0,A,M,H,338.0,MET,A,P05327,338.0,M
336,339.0,A,R,H,339.0,ARG,A,P05327,339.0,R
337,340.0,A,Q,H,340.0,GLN,A,P05327,340.0,Q
338,341.0,A,L,H,341.0,LEU,A,P05327,341.0,L
339,342.0,A,T,H,342.0,THR,A,P05327,342.0,T
340,343.0,A,E,H,343.0,GLU,A,P05327,343.0,E
341,344.0,A,T,H,344.0,THR,A,P05327,344.0,T
342,345.0,A,G,C,345.0,GLY,A,P05327,345.0,G
343,346.0,A,W,C,346.0,TRP,A,P05327,346.0,W
344,347.0,A,M,C,347.0,MET,A,P05327,347.0,M
345,348.0,A,H,C,348.0,HIS,A,P05327,348.0,H
346,349.0,A,N,H,349.0,ASN,A,P05327,349.0,N
347,350.0,A,R,H,350.0,ARG,A,P05327,350.0,R
348,351.0,A,C,H,351.0,CYS,A,P05327,351.0,C
349,352.0,A,R,H,352.0,ARG,A,P05327,352.0,W
350,353.0,A,M,H,353.0,MET,A,P05327,353.0,M
351,354.0,A,I,H,354.0,ILE,A,P05327,354.0,I
352,355.0,A,V,H,355.0,VAL,A,P05327,355.0,V
353,356.0,A,A,H,356.0,ALA,A,P05327,356.0,A
354,357.0,A,S,H,357.0,SER,A,P05327,357.0,S
355,358.0,A,F,C,358.0,PHE,A,P05327,358.0,F
356,359.0,A,L,C,359.0,LEU,A,P05327,359.0,L
357,360.0,A,T,C,360.0,THR,A,P05327,360.0,T
358,361.0,A,K,C,361.0,LYS,A,P05327,361.0,K
359,362.0,A,D,C,362.0,ASP,A,P05327,362.0,D
360,363.0,A,L,C,363.0,LEU,A,P05327,363.0,L
361,364.0,A,I,C,364.0,ILE,A,P05327,364.0,I
362,365.0,A,I,C,365.0,ILE,A,P05327,365.0,I
363,366.0,A,D,C,366.0,ASP,A,P05327,366.0,D
364,367.0,A,W,C,367.0,TRP,A,P05327,367.0,W
365,368.0,A,R,H,368.0,ARG,A,P05327,368.0,R
366,369.0,A,R,H,369.0,ARG,A,P05327,369.0,R
367,370.0,A,G,H,370.0,GLY,A,P05327,370.0,G
368,371.0,A,E,H,371.0,GLU,A,P05327,371.0,E
369,372.0,A,Q,H,372.0,GLN,A,P05327,372.0,Q
370,373.0,A,F,H,373.0,PHE,A,P05327,373.0,F
371,374.0,A,F,H,374.0,PHE,A,P05327,374.0,F
372,375.0,A,M,H,375.0,MET,A,P05327,375.0,M
373,376.0,A,Q,C,376.0,GLN,A,P05327,376.0,Q
374,377.0,A,H,C,377.0,HIS,A,P05327,377.0,H
375,378.0,A,L,C,378.0,LEU,A,P05327,378.0,L
376,379.0,A,V,C,379.0,VAL,A,P05327,379.0,V
377,380.0,A,D,C,380.0,ASP,A,P05327,380.0,D
378,381.0,A,G,C,381.0,GLY,A,P05327,381.0,G
379,382.0,A,D,C,382.0,ASP,A,P05327,382.0,D
380,383.0,A,L,H,383.0,LEU,A,P05327,383.0,L
381,384.0,A,A,H,384.0,ALA,A,P05327,384.0,A
382,385.0,A,A,H,385.0,ALA,A,P05327,385.0,A
383,386.0,A,N,H,386.0,ASN,A,P05327,386.0,N
384,387.0,A,N,H,387.0,ASN,A,P05327,387.0,N
385,388.0,A,G,H,388.0,GLY,A,P05327,388.0,G
386,389.0,A,G,H,389.0,GLY,A,P05327,389.0,G
387,390.0,A,W,H,390.0,TRP,A,P05327,390.0,W
388,391.0,A,Q,H,391.0,GLN,A,P05327,391.0,Q
389,392.0,A,W,H,392.0,TRP,A,P05327,392.0,W
390,393.0,A,S,C,393.0,SER,A,P05327,393.0,S
391,394.0,A,A,C,394.0,ALA,A,P05327,394.0,A
392,395.0,A,S,C,395.0,SER,A,P05327,395.0,S
393,396.0,A,S,C,396.0,SER,A,P05327,396.0,S
394,397.0,A,G,C,397.0,GLY,A,P05327,397.0,G
395,398.0,A,M,C,398.0,MET,A,P05327,398.0,M
396,399.0,A,D,C,399.0,ASP,A,P05327,399.0,D
397,400.0,A,P,C,400.0,PRO,A,P05327,400.0,P
398,401.0,A,K,C,401.0,LYS,A,P05327,401.0,K
399,402.0,A,P,C,402.0,PRO,A,P05327,402.0,P
400,403.0,A,L,C,403.0,LEU,A,P05327,403.0,L
401,404.0,A,R,C,404.0,ARG,A,P05327,404.0,R
402,405.0,A,I,C,405.0,ILE,A,P05327,405.0,I
403,406.0,A,F,C,406.0,PHE,A,P05327,406.0,F
404,407.0,A,N,C,407.0,ASN,A,P05327,407.0,N
405,408.0,A,P,H,408.0,PRO,A,P05327,408.0,P
406,409.0,A,A,H,409.0,ALA,A,P05327,409.0,A
407,410.0,A,S,H,410.0,SER,A,P05327,410.0,S
408,411.0,A,Q,H,411.0,GLN,A,P05327,411.0,Q
409,412.0,A,A,H,412.0,ALA,A,P05327,412.0,A
410,413.0,A,K,H,413.0,LYS,A,P05327,413.0,K
411,414.0,A,K,H,414.0,LYS,A,P05327,414.0,K
412,415.0,A,F,H,415.0,PHE,A,P05327,415.0,F
413,416.0,A,D,C,416.0,ASP,A,P05327,416.0,D
414,417.0,A,A,C,417.0,ALA,A,P05327,417.0,A
415,418.0,A,T,C,418.0,THR,A,P05327,418.0,T
416,419.0,A,A,C,419.0,ALA,A,P05327,419.0,A
417,420.0,A,T,H,420.0,THR,A,P05327,420.0,T
418,421.0,A,Y,H,421.0,TYR,A,P05327,421.0,Y
419,422.0,A,I,H,422.0,ILE,A,P05327,422.0,I
420,423.0,A,K,H,423.0,LYS,A,P05327,423.0,K
421,424.0,A,R,H,424.0,ARG,A,P05327,424.0,R
422,425.0,A,W,H,425.0,TRP,A,P05327,425.0,W
423,426.0,A,L,C,426.0,LEU,A,P05327,426.0,L
424,427.0,A,P,C,427.0,PRO,A,P05327,427.0,P
425,428.0,A,E,C,428.0,GLU,A,P05327,428.0,E
426,429.0,A,L,C,429.0,LEU,A,P05327,429.0,L
427,430.0,A,R,C,430.0,ARG,A,P05327,430.0,R
428,431.0,A,H,C,431.0,HIS,A,P05327,431.0,H
429,432.0,A,V,C,432.0,VAL,A,P05327,432.0,V
430,433.0,A,H,C,433.0,HIS,A,P05327,433.0,H
431,434.0,A,P,H,434.0,PRO,A,P05327,434.0,P
432,435.0,A,K,H,435.0,LYS,A,P05327,435.0,K
433,436.0,A,D,H,436.0,ASP,A,P05327,436.0,D
434,437.0,A,L,H,437.0,LEU,A,P05327,437.0,L
435,438.0,A,I,H,438.0,ILE,A,P05327,438.0,I
436,439.0,A,S,H,439.0,SER,A,P05327,439.0,S
437,440.0,A,G,C,440.0,GLY,A,P05327,440.0,G
438,441.0,A,E,C,441.0,GLU,A,P05327,441.0,E
439,442.0,A,I,C,442.0,ILE,A,P05327,442.0,I
440,443.0,A,T,C,443.0,THR,A,P05327,443.0,T
441,444.0,A,P,H,444.0,PRO,A,P05327,444.0,P
442,445.0,A,I,H,445.0,ILE,A,P05327,445.0,I
443,446.0,A,E,H,446.0,GLU,A,P05327,446.0,G
444,447.0,A,R,H,447.0,ARG,A,P05327,447.0,R
445,448.0,A,R,C,448.0,ARG,A,P05327,448.0,R
446,449.0,A,G,C,449.0,GLY,A,P05327,449.0,G
447,450.0,A,Y,C,450.0,TYR,A,P05327,450.0,Y
448,451.0,A,P,C,451.0,PRO,A,P05327,451.0,P
449,452.0,A,A,C,452.0,ALA,A,P05327,452.0,A
450,453.0,A,P,C,453.0,PRO,A,P05327,453.0,P
451,454.0,A,I,C,454.0,ILE,A,P05327,454.0,I
452,455.0,A,V,C,455.0,VAL,A,P05327,455.0,V
453,456.0,A,N,C,456.0,ASN,A,P05327,456.0,N
454,457.0,A,H,H,457.0,HIS,A,P05327,457.0,H
455,458.0,A,N,H,458.0,ASN,A,P05327,458.0,N
456,459.0,A,L,H,459.0,LEU,A,P05327,459.0,L
457,460.0,A,R,H,460.0,ARG,A,P05327,460.0,R
458,461.0,A,Q,H,461.0,GLN,A,P05327,461.0,Q
459,462.0,A,K,H,462.0,LYS,A,P05327,462.0,K
460,463.0,A,Q,H,463.0,GLN,A,P05327,463.0,Q
461,464.0,A,F,H,464.0,PHE,A,P05327,464.0,F
462,465.0,A,K,H,465.0,LYS,A,P05327,465.0,K
463,466.0,A,A,H,466.0,ALA,A,P05327,466.0,A
464,467.0,A,L,H,467.0,LEU,A,P05327,467.0,L
465,468.0,A,Y,H,468.0,TYR,A,P05327,468.0,Y
466,469.0,A,N,H,469.0,ASN,A,P05327,469.0,N
467,470.0,A,Q,H,470.0,GLN,A,P05327,470.0,Q
468,471.0,A,L,H,471.0,LEU,A,P05327,471.0,L
469,472.0,A,K,H,472.0,LYS,A,P05327,472.0,K
470,473.0,A,A,H,473.0,ALA,A,P05327,473.0,A
471,474.0,A,A,H,474.0,ALA,A,P05327,474.0,A
472,475.0,A,I,C,475.0,ILE,A,P05327,475.0,I
473,,,,,,,,,,
474,,,,,,,,,,
475,,,,,,,,,,
476,,,,,,,,,,
