,Unnamed: 0,Unnamed: 0.1,Unnamed: 0.1.1,Unnamed: 0.1.1.1,RES,CHAIN,AA,SS_CLASS,PDB_dbResNum,PDB_dbResName,PDB_dbChainId,UniProt_dbAccessionId,UniProt_dbResNum,UniProt_dbResName,shifted Uni,AF_predictions,Jpred_seq,Jpred_SS_pred,JP_Confidence
0,0,0,2513,2513,3.0,C,E,C,3.0,GLU,C,P16370,3.0,E,E,C,P,C,9.0
1,1,1,2514,2514,4.0,C,E,C,4.0,GLU,C,P16370,4.0,E,E,C,T,C,8.0
2,2,2,2515,2515,5.0,C,G,C,5.0,GLY,C,P16370,5.0,G,G,C,L,C,2.0
3,3,3,2516,2516,6.0,C,P,C,6.0,PRO,C,P16370,6.0,P,P,C,A,E,8.0
4,4,4,2517,2517,7.0,C,Q,C,7.0,GLN,C,P16370,7.0,Q,Q,E,I,E,8.0
5,5,5,2518,2518,8.0,C,V,C,8.0,VAL,C,P16370,8.0,V,V,E,D,E,9.0
6,6,6,2519,2519,9.0,C,K,C,9.0,LYS,C,P16370,9.0,K,K,E,S,E,9.0
7,7,7,2520,2520,10.0,C,I,C,10.0,ILE,C,P16370,10.0,I,I,E,V,E,8.0
8,8,8,2521,2521,11.0,C,R,C,11.0,ARG,C,P16370,11.0,R,R,E,E,E,8.0
9,9,9,2522,2522,12.0,C,E,C,12.0,GLU,C,P16370,12.0,E,E,E,V,E,8.0
10,10,10,2523,2523,13.0,C,A,C,13.0,ALA,C,P16370,13.0,A,A,E,E,E,7.0
11,11,11,2524,2524,14.0,C,S,C,14.0,SER,C,P16370,14.0,S,S,C,T,E,1.0
12,12,12,2525,2525,15.0,C,K,C,15.0,LYS,C,P16370,15.0,K,K,C,N,C,5.0
13,13,13,2526,2526,16.0,C,D,C,16.0,ASP,C,P16370,16.0,D,D,C,T,C,7.0
14,14,14,2527,2527,17.0,C,N,E,17.0,ASN,C,P16370,17.0,N,N,E,T,C,8.0
15,15,15,2528,2528,18.0,C,V,E,18.0,VAL,C,P16370,18.0,V,V,E,V,C,7.0
16,16,16,2529,2529,19.0,C,D,C,19.0,ASP,C,P16370,19.0,D,D,E,L,C,4.0
17,17,17,2530,2530,20.0,C,F,C,20.0,PHE,C,P16370,20.0,F,F,E,A,C,1.0
18,18,18,2531,2531,21.0,C,I,E,21.0,ILE,C,P16370,21.0,I,I,E,D,H,1.0
19,19,19,2532,2532,22.0,C,L,E,22.0,LEU,C,P16370,22.0,L,L,E,E,H,7.0
20,20,20,2533,2533,23.0,C,S,C,23.0,SER,C,P16370,23.0,S,S,E,F,H,8.0
21,21,21,2534,2534,24.0,C,N,C,24.0,ASN,C,P16370,24.0,N,N,C,I,H,8.0
22,22,22,2535,2535,25.0,C,V,C,25.0,VAL,C,P16370,25.0,V,V,C,A,H,8.0
23,23,23,2536,2536,26.0,C,D,C,26.0,ASP,C,P16370,26.0,D,D,C,H,H,7.0
24,24,24,2537,2537,27.0,C,L,H,27.0,LEU,C,P16370,27.0,L,L,H,R,H,2.0
25,25,25,2538,2538,28.0,C,A,H,28.0,ALA,C,P16370,28.0,A,A,H,L,C,1.0
26,26,26,2539,2539,29.0,C,M,H,29.0,MET,C,P16370,29.0,M,M,H,G,C,7.0
27,27,27,2540,2540,30.0,C,A,H,30.0,ALA,C,P16370,30.0,A,A,H,L,C,6.0
28,28,28,2541,2541,31.0,C,N,H,31.0,ASN,C,P16370,31.0,N,N,H,I,C,2.0
29,29,29,2542,2542,32.0,C,S,H,32.0,SER,C,P16370,32.0,S,S,H,P,E,1.0
30,30,30,2543,2543,33.0,C,L,H,33.0,LEU,C,P16370,33.0,L,L,H,L,E,2.0
31,31,31,2544,2544,34.0,C,R,H,34.0,ARG,C,P16370,34.0,R,R,H,Q,E,2.0
32,32,32,2545,2545,35.0,C,R,H,35.0,ARG,C,P16370,35.0,R,R,H,S,C,1.0
33,33,33,2546,2546,36.0,C,V,H,36.0,VAL,C,P16370,36.0,V,V,H,M,C,5.0
34,34,34,2547,2547,37.0,C,M,H,37.0,MET,C,P16370,37.0,M,M,H,D,C,7.0
35,35,35,2548,2548,38.0,C,I,H,38.0,ILE,C,P16370,38.0,I,I,H,I,C,7.0
36,36,36,2549,2549,39.0,C,A,H,39.0,ALA,C,P16370,39.0,A,A,H,E,C,7.0
37,37,37,2550,2550,40.0,C,E,C,40.0,GLU,C,P16370,40.0,E,E,C,Q,C,4.0
38,38,38,2551,2551,41.0,C,I,C,41.0,ILE,C,P16370,41.0,I,I,C,L,C,1.0
39,39,39,2552,2552,42.0,C,P,C,42.0,PRO,C,P16370,42.0,P,P,C,E,C,1.0
40,40,40,2553,2553,43.0,C,T,E,43.0,THR,C,P16370,43.0,T,T,E,Y,C,4.0
41,41,41,2554,2554,44.0,C,L,E,44.0,LEU,C,P16370,44.0,L,L,E,S,C,6.0
42,42,42,2555,2555,45.0,C,A,E,45.0,ALA,C,P16370,45.0,A,A,E,R,C,6.0
43,43,43,2556,2556,46.0,C,I,E,46.0,ILE,C,P16370,46.0,I,I,E,D,C,7.0
44,44,44,2557,2557,47.0,C,D,E,47.0,ASP,C,P16370,47.0,D,D,E,C,C,7.0
45,45,45,2558,2558,48.0,C,S,E,48.0,SER,C,P16370,48.0,S,S,E,F,C,7.0
46,46,46,2559,2559,49.0,C,V,E,49.0,VAL,C,P16370,49.0,V,V,E,C,C,6.0
47,47,47,2560,2560,50.0,C,E,E,50.0,GLU,C,P16370,50.0,E,E,E,E,C,6.0
48,48,48,2561,2561,51.0,C,V,E,51.0,VAL,C,P16370,51.0,V,V,E,D,C,6.0
49,49,49,2562,2562,52.0,C,E,E,52.0,GLU,C,P16370,52.0,E,E,E,H,C,6.0
50,50,50,2563,2563,53.0,C,T,E,53.0,THR,C,P16370,53.0,T,T,E,C,C,7.0
51,51,51,2564,2564,54.0,C,N,E,54.0,ASN,C,P16370,54.0,N,N,E,D,C,6.0
52,52,52,2565,2565,55.0,C,T,C,55.0,THR,C,P16370,55.0,T,T,C,K,C,6.0
53,53,53,2566,2566,56.0,C,T,C,56.0,THR,C,P16370,56.0,T,T,C,C,C,4.0
54,54,54,2567,2567,57.0,C,V,C,57.0,VAL,C,P16370,57.0,V,V,C,S,E,1.0
55,55,55,2568,2568,58.0,C,L,C,58.0,LEU,C,P16370,58.0,L,L,C,V,E,6.0
56,56,56,2569,2569,59.0,C,A,C,59.0,ALA,C,P16370,59.0,A,A,C,V,E,8.0
57,57,57,2570,2570,60.0,C,D,H,60.0,ASP,C,P16370,60.0,D,D,H,L,E,8.0
58,58,58,2571,2571,61.0,C,E,H,61.0,GLU,C,P16370,61.0,E,E,H,T,E,8.0
59,59,59,2572,2572,62.0,C,F,H,62.0,PHE,C,P16370,62.0,F,F,H,L,E,8.0
60,60,60,2573,2573,63.0,C,I,H,63.0,ILE,C,P16370,63.0,I,I,H,Q,E,7.0
61,61,61,2574,2574,64.0,C,A,H,64.0,ALA,C,P16370,64.0,A,A,H,A,E,5.0
62,62,62,2575,2575,65.0,C,H,H,65.0,HIS,C,P16370,65.0,H,H,H,F,E,5.0
63,63,63,2576,2576,66.0,C,R,H,66.0,ARG,C,P16370,66.0,R,R,H,G,E,1.0
64,64,64,2577,2577,67.0,C,L,H,67.0,LEU,C,P16370,67.0,L,L,H,E,C,5.0
65,65,65,2578,2578,68.0,C,G,H,68.0,GLY,C,P16370,68.0,G,G,H,S,C,7.0
66,66,66,2579,2579,69.0,C,L,C,69.0,LEU,C,P16370,69.0,L,L,C,E,C,8.0
67,67,67,2580,2580,70.0,C,I,C,70.0,ILE,C,P16370,70.0,I,I,C,S,C,7.0
68,68,68,2581,2581,71.0,C,P,C,71.0,PRO,C,P16370,71.0,P,P,C,T,C,6.0
69,69,69,2582,2582,72.0,C,L,E,72.0,LEU,C,P16370,72.0,L,L,E,T,E,1.0
70,70,70,2583,2583,73.0,C,Q,E,73.0,GLN,C,P16370,73.0,Q,Q,E,N,E,5.0
71,71,71,2584,2584,74.0,C,S,E,74.0,SER,C,P16370,74.0,S,S,E,V,E,6.0
72,72,72,2585,2585,75.0,C,M,C,75.0,MET,C,P16370,75.0,M,M,C,Y,E,4.0
73,73,73,2586,2586,76.0,C,D,C,76.0,ASP,C,P16370,76.0,D,D,C,S,C,3.0
74,74,74,2587,2587,77.0,C,I,C,77.0,ILE,C,P16370,77.0,I,I,C,K,C,6.0
75,75,75,2588,2588,78.0,C,E,C,78.0,GLU,C,P16370,78.0,E,E,C,D,C,3.0
76,76,76,2589,2589,79.0,C,Q,C,79.0,GLN,C,P16370,79.0,Q,Q,C,L,E,5.0
77,77,77,2590,2590,80.0,C,L,C,80.0,LEU,C,P16370,80.0,L,L,C,V,E,7.0
78,78,78,2591,2591,81.0,C,E,C,81.0,GLU,C,P16370,81.0,E,E,C,I,E,5.0
79,79,79,2592,2592,82.0,C,Y,C,82.0,TYR,C,P16370,82.0,Y,Y,C,V,C,2.0
80,80,80,2593,2593,83.0,C,S,C,83.0,SER,C,P16370,83.0,S,S,C,S,C,6.0
81,81,81,2594,2594,84.0,C,R,C,84.0,ARG,C,P16370,84.0,R,R,C,N,C,7.0
82,82,82,2595,2595,85.0,C,D,C,85.0,ASP,C,P16370,85.0,D,D,C,L,C,7.0
83,83,83,2596,2596,86.0,C,C,C,86.0,CYS,C,P16370,86.0,C,C,C,M,C,7.0
84,84,84,2597,2597,87.0,C,F,C,87.0,PHE,C,P16370,87.0,F,F,C,G,C,7.0
85,85,85,2598,2598,88.0,C,C,C,88.0,CYS,C,P16370,88.0,C,C,C,R,C,6.0
86,86,86,2599,2599,89.0,C,E,C,89.0,GLU,C,P16370,89.0,E,E,C,N,C,6.0
87,87,87,2600,2600,90.0,C,D,C,90.0,ASP,C,P16370,90.0,D,D,C,I,C,7.0
88,88,88,2601,2601,91.0,C,H,C,91.0,HIS,C,P16370,91.0,H,H,C,G,C,7.0
89,89,89,2602,2602,92.0,C,C,C,92.0,CYS,C,P16370,92.0,C,C,C,H,C,7.0
90,90,90,2603,2603,93.0,C,D,C,93.0,ASP,C,P16370,93.0,D,D,C,P,C,7.0
91,91,91,2604,2604,94.0,C,K,C,94.0,LYS,C,P16370,94.0,K,K,C,I,C,7.0
92,92,92,2605,2605,95.0,C,C,C,95.0,CYS,C,P16370,95.0,C,C,C,I,C,6.0
93,93,93,2606,2606,96.0,C,S,E,96.0,SER,C,P16370,96.0,S,S,E,Q,C,6.0
94,94,94,2607,2607,97.0,C,V,E,97.0,VAL,C,P16370,97.0,V,V,E,D,C,6.0
95,95,95,2608,2608,98.0,C,V,E,98.0,VAL,C,P16370,98.0,V,V,E,K,C,7.0
96,96,96,2609,2609,99.0,C,L,E,99.0,LEU,C,P16370,99.0,L,L,E,E,C,7.0
97,97,97,2610,2610,100.0,C,T,E,100.0,THR,C,P16370,100.0,T,T,E,G,C,7.0
98,98,98,2611,2611,101.0,C,L,E,101.0,LEU,C,P16370,101.0,L,L,E,N,C,7.0
99,99,99,2612,2612,102.0,C,Q,E,102.0,GLN,C,P16370,102.0,Q,Q,E,G,C,7.0
100,100,100,2613,2613,103.0,C,A,E,103.0,ALA,C,P16370,103.0,A,A,E,V,C,3.0
101,101,101,2614,2614,104.0,C,F,E,104.0,PHE,C,P16370,104.0,F,F,E,L,E,5.0
102,102,102,2615,2615,105.0,C,G,C,105.0,GLY,C,P16370,105.0,G,G,C,I,E,8.0
103,103,103,2616,2616,106.0,C,E,C,106.0,GLU,C,P16370,106.0,E,E,C,C,E,9.0
104,104,104,2617,2617,107.0,C,S,C,107.0,SER,C,P16370,107.0,S,S,C,K,E,8.0
105,105,105,2618,2618,108.0,C,E,C,108.0,GLU,C,P16370,108.0,E,E,C,L,E,5.0
106,106,106,2619,2619,109.0,C,S,C,109.0,SER,C,P16370,109.0,S,S,C,R,C,4.0
107,107,107,2620,2620,110.0,C,T,C,110.0,THR,C,P16370,110.0,T,T,C,K,C,8.0
108,108,108,2621,2621,111.0,C,T,E,111.0,THR,C,P16370,111.0,T,T,E,G,C,8.0
109,109,109,2622,2622,112.0,C,N,E,112.0,ASN,C,P16370,112.0,N,N,E,Q,C,5.0
110,110,110,2623,2623,113.0,C,V,E,113.0,VAL,C,P16370,113.0,V,V,E,E,E,5.0
111,111,111,2624,2624,114.0,C,Y,E,114.0,TYR,C,P16370,114.0,Y,Y,E,L,E,8.0
112,112,112,2625,2625,115.0,C,S,C,115.0,SER,C,P16370,115.0,S,S,C,K,E,9.0
113,113,113,2626,2626,116.0,C,K,C,116.0,LYS,C,P16370,116.0,K,K,C,L,E,9.0
114,114,114,2627,2627,117.0,C,D,C,117.0,ASP,C,P16370,117.0,D,D,C,T,E,8.0
115,115,115,2628,2628,118.0,C,L,E,118.0,LEU,C,P16370,118.0,L,L,C,C,E,8.0
116,116,116,2629,2629,119.0,C,V,E,119.0,VAL,C,P16370,119.0,V,V,E,V,E,8.0
117,117,117,2630,2630,120.0,C,I,E,120.0,ILE,C,P16370,120.0,I,I,E,A,E,9.0
118,118,118,2631,2631,121.0,C,V,C,121.0,VAL,C,P16370,121.0,V,V,C,K,E,8.0
119,119,119,2632,2632,122.0,C,S,C,122.0,SER,C,P16370,122.0,S,S,C,K,E,1.0
120,120,120,2633,2633,123.0,C,N,C,123.0,ASN,C,P16370,123.0,N,N,C,G,C,2.0
121,121,121,2634,2634,124.0,C,L,C,124.0,LEU,C,P16370,124.0,L,L,C,I,C,5.0
122,122,122,2635,2635,125.0,C,M,C,125.0,MET,C,P16370,125.0,M,M,C,A,C,6.0
123,123,123,2636,2636,126.0,C,G,C,126.0,GLY,C,P16370,126.0,G,G,C,K,C,7.0
124,124,124,2637,2637,127.0,C,R,C,127.0,ARG,C,P16370,127.0,R,R,C,E,C,6.0
125,125,125,2638,2638,128.0,C,N,C,128.0,ASN,C,P16370,128.0,N,N,C,H,C,7.0
126,126,126,2639,2639,129.0,C,I,E,129.0,ILE,C,P16370,129.0,I,I,E,A,C,7.0
127,127,127,2640,2640,130.0,C,G,E,130.0,GLY,C,P16370,130.0,G,G,E,K,C,7.0
128,128,128,2641,2641,131.0,C,H,E,131.0,HIS,C,P16370,131.0,H,H,E,W,C,8.0
129,129,129,2642,2642,132.0,C,P,E,132.0,PRO,C,P16370,132.0,P,P,E,G,C,8.0
130,130,130,2643,2643,133.0,C,I,C,133.0,ILE,C,P16370,133.0,I,I,C,P,C,9.0
131,131,131,2644,2644,134.0,C,I,C,134.0,ILE,C,P16370,134.0,I,I,C,,,
132,132,132,2645,2645,135.0,C,Q,C,135.0,GLN,C,P16370,135.0,Q,Q,C,,,
133,133,133,2646,2646,136.0,C,D,C,136.0,ASP,C,P16370,136.0,D,D,C,,,
134,134,134,2647,2647,137.0,C,K,C,137.0,LYS,C,P16370,137.0,K,K,C,,,
135,135,135,2648,2648,138.0,C,E,C,138.0,GLU,C,P16370,138.0,E,E,C,,,
136,136,136,2649,2649,139.0,C,G,C,139.0,GLY,C,P16370,139.0,G,G,C,,,
137,137,137,2650,2650,140.0,C,N,C,140.0,ASN,C,P16370,140.0,N,N,C,,,
138,138,138,2651,2651,141.0,C,G,C,141.0,GLY,C,P16370,141.0,G,G,C,,,
139,139,139,2652,2652,142.0,C,V,C,142.0,VAL,C,P16370,142.0,V,V,C,,,
140,140,140,2653,2653,143.0,C,L,E,143.0,LEU,C,P16370,143.0,L,L,E,,,
141,141,141,2654,2654,144.0,C,I,E,144.0,ILE,C,P16370,144.0,I,I,E,,,
142,142,142,2655,2655,145.0,C,C,E,145.0,CYS,C,P16370,145.0,C,C,E,,,
143,143,143,2656,2656,146.0,C,K,E,146.0,LYS,C,P16370,146.0,K,K,E,,,
144,144,144,2657,2657,147.0,C,L,E,147.0,LEU,C,P16370,147.0,L,L,E,,,
145,145,145,2658,2658,148.0,C,R,C,148.0,ARG,C,P16370,148.0,R,R,C,,,
146,146,146,2659,2659,149.0,C,K,C,149.0,LYS,C,P16370,149.0,K,K,C,,,
147,147,147,2660,2660,150.0,C,G,C,150.0,GLY,C,P16370,150.0,G,G,C,,,
148,148,148,2661,2661,151.0,C,Q,C,151.0,GLN,C,P16370,151.0,Q,Q,C,,,
149,149,149,2662,2662,152.0,C,E,E,152.0,GLU,C,P16370,152.0,E,E,E,,,
150,150,150,2663,2663,153.0,C,L,E,153.0,LEU,C,P16370,153.0,L,L,E,,,
151,151,151,2664,2664,154.0,C,K,E,154.0,LYS,C,P16370,154.0,K,K,E,,,
152,152,152,2665,2665,155.0,C,L,E,155.0,LEU,C,P16370,155.0,L,L,E,,,
153,153,153,2666,2666,156.0,C,T,E,156.0,THR,C,P16370,156.0,T,T,E,,,
154,154,154,2667,2667,157.0,C,C,E,157.0,CYS,C,P16370,157.0,C,C,E,,,
155,155,155,2668,2668,158.0,C,V,E,158.0,VAL,C,P16370,158.0,V,V,E,,,
156,156,156,2669,2669,159.0,C,A,E,159.0,ALA,C,P16370,159.0,A,A,E,,,
157,157,157,2670,2670,160.0,C,K,E,160.0,LYS,C,P16370,160.0,K,K,E,,,
158,158,158,2671,2671,161.0,C,K,E,161.0,LYS,C,P16370,161.0,K,K,E,,,
159,159,159,2672,2672,162.0,C,G,E,162.0,GLY,C,P16370,162.0,G,G,E,,,
160,160,160,2673,2673,163.0,C,I,C,163.0,ILE,C,P16370,163.0,I,I,C,,,
161,161,161,2674,2674,164.0,C,A,C,164.0,ALA,C,P16370,164.0,A,A,C,,,
162,162,162,2675,2675,165.0,C,K,C,165.0,LYS,C,P16370,165.0,K,K,C,,,
163,163,163,2676,2676,166.0,C,E,C,166.0,GLU,C,P16370,166.0,E,E,C,,,
164,164,164,2677,2677,167.0,C,H,C,167.0,HIS,C,P16370,167.0,H,H,C,,,
165,165,165,2678,2678,168.0,C,A,C,168.0,ALA,C,P16370,168.0,A,A,C,,,
166,166,166,2679,2679,169.0,C,K,C,169.0,LYS,C,P16370,169.0,K,K,C,,,
167,167,167,2680,2680,170.0,C,W,C,170.0,TRP,C,P16370,170.0,W,W,C,,,
168,168,168,2681,2681,171.0,C,G,C,171.0,GLY,C,P16370,171.0,G,G,C,,,
169,169,169,2682,2682,172.0,C,P,C,172.0,PRO,C,P16370,172.0,P,P,C,,,
170,170,170,2683,2683,173.0,C,A,E,173.0,ALA,C,P16370,173.0,A,A,E,,,
171,171,171,2684,2684,174.0,C,A,E,174.0,ALA,C,P16370,174.0,A,A,E,,,
172,172,172,2685,2685,175.0,C,A,E,175.0,ALA,C,P16370,175.0,A,A,E,,,
173,173,173,2686,2686,176.0,C,I,E,176.0,ILE,C,P16370,176.0,I,I,E,,,
174,174,174,2687,2687,177.0,C,E,E,177.0,GLU,C,P16370,177.0,E,E,E,,,
175,175,175,2688,2688,178.0,C,F,E,178.0,PHE,C,P16370,178.0,F,F,E,,,
176,176,176,2689,2689,179.0,C,E,E,179.0,GLU,C,P16370,179.0,E,E,E,,,
177,177,177,2690,2690,180.0,C,Y,E,180.0,TYR,C,P16370,180.0,Y,Y,C,,,
178,178,178,2691,2691,181.0,C,D,C,181.0,ASP,C,P16370,181.0,D,D,C,,,
179,179,179,2692,2692,182.0,C,P,C,182.0,PRO,C,P16370,182.0,P,P,C,,,
180,180,180,2693,2693,183.0,C,W,C,183.0,TRP,C,P16370,183.0,W,W,C,,,
181,181,181,2694,2694,184.0,C,N,C,184.0,ASN,C,P16370,184.0,N,N,C,,,
182,182,182,2695,2695,185.0,C,K,C,185.0,LYS,C,P16370,185.0,K,K,C,,,
183,183,183,2696,2696,186.0,C,L,C,186.0,LEU,C,P16370,186.0,L,L,C,,,
184,184,184,2697,2697,187.0,C,K,C,187.0,LYS,C,P16370,187.0,K,K,C,,,
185,185,185,2698,2698,188.0,C,H,C,188.0,HIS,C,P16370,188.0,H,H,C,,,
186,186,186,2699,2699,189.0,C,T,C,189.0,THR,C,P16370,189.0,T,T,C,,,
187,187,187,2700,2700,190.0,C,D,C,190.0,ASP,C,P16370,190.0,D,D,C,,,
188,188,188,2701,2701,191.0,C,Y,C,191.0,TYR,C,P16370,191.0,Y,Y,C,,,
189,189,189,2702,2702,192.0,C,W,C,192.0,TRP,C,P16370,192.0,W,W,C,,,
190,190,190,2703,2703,193.0,C,Y,C,193.0,TYR,C,P16370,193.0,Y,Y,C,,,
191,191,191,2704,2704,194.0,C,E,C,194.0,GLU,C,P16370,194.0,E,E,C,,,
192,192,192,2705,2705,195.0,C,Q,C,195.0,GLN,C,P16370,195.0,Q,Q,C,,,
193,193,193,2706,2706,196.0,C,D,C,196.0,ASP,C,P16370,196.0,D,D,C,,,
194,194,194,2707,2707,197.0,C,S,H,197.0,SER,C,P16370,197.0,S,S,H,,,
195,195,195,2708,2708,198.0,C,A,H,198.0,ALA,C,P16370,198.0,A,A,H,,,
196,196,196,2709,2709,199.0,C,K,H,199.0,LYS,C,P16370,199.0,K,K,H,,,
197,197,197,2710,2710,200.0,C,E,H,200.0,GLU,C,P16370,200.0,E,E,H,,,
198,198,198,2711,2711,201.0,C,W,C,201.0,TRP,C,P16370,201.0,W,W,C,,,
199,199,199,2712,2712,202.0,C,P,C,202.0,PRO,C,P16370,202.0,P,P,C,,,
200,200,200,2713,2713,203.0,C,Q,C,203.0,GLN,C,P16370,203.0,Q,Q,C,,,
201,201,201,2714,2714,204.0,C,S,C,204.0,SER,C,P16370,204.0,S,S,C,,,
202,202,202,2715,2715,205.0,C,K,C,205.0,LYS,C,P16370,205.0,K,K,C,,,
203,203,203,2716,2716,206.0,C,N,C,206.0,ASN,C,P16370,206.0,N,N,C,,,
204,204,204,2717,2717,207.0,C,C,C,207.0,CYS,C,P16370,207.0,C,C,C,,,
205,205,205,2718,2718,208.0,C,E,C,208.0,GLU,C,P16370,208.0,E,E,C,,,
206,206,206,2719,2719,209.0,C,Y,C,209.0,TYR,C,P16370,209.0,Y,Y,C,,,
207,207,207,2720,2720,210.0,C,E,C,210.0,GLU,C,P16370,210.0,E,E,C,,,
208,208,208,2721,2721,211.0,C,D,C,211.0,ASP,C,P16370,211.0,D,D,C,,,
209,209,209,2722,2722,212.0,C,P,C,212.0,PRO,C,P16370,212.0,P,P,C,,,
210,210,210,2723,2723,213.0,C,P,C,213.0,PRO,C,P16370,213.0,P,P,C,,,
211,211,211,2724,2724,214.0,C,N,C,214.0,ASN,C,P16370,214.0,N,N,C,,,
212,212,212,2725,2725,215.0,C,E,C,215.0,GLU,C,P16370,215.0,E,E,C,,,
213,213,213,2726,2726,216.0,C,G,C,216.0,GLY,C,P16370,216.0,G,G,C,,,
214,214,214,2727,2727,217.0,C,D,C,217.0,ASP,C,P16370,217.0,D,D,C,,,
215,215,215,2728,2728,218.0,C,P,C,218.0,PRO,C,P16370,218.0,P,P,C,,,
216,216,216,2729,2729,219.0,C,F,C,219.0,PHE,C,P16370,219.0,F,F,C,,,
217,217,217,2730,2730,220.0,C,D,C,220.0,ASP,C,P16370,220.0,D,D,C,,,
218,218,218,2731,2731,221.0,C,Y,C,221.0,TYR,C,P16370,221.0,Y,Y,C,,,
219,219,219,2732,2732,222.0,C,K,C,222.0,LYS,C,P16370,222.0,K,K,C,,,
220,220,220,2733,2733,223.0,C,A,C,223.0,ALA,C,P16370,223.0,A,A,C,,,
221,221,221,2734,2734,224.0,C,Q,C,224.0,GLN,C,P16370,224.0,Q,Q,C,,,
222,222,222,2735,2735,225.0,C,A,C,225.0,ALA,C,P16370,225.0,A,A,C,,,
223,223,223,2736,2736,226.0,C,D,C,226.0,ASP,C,P16370,226.0,D,D,C,,,
224,224,224,2737,2737,227.0,C,T,C,227.0,THR,C,P16370,227.0,T,T,E,,,
225,225,225,2738,2738,228.0,C,F,E,228.0,PHE,C,P16370,228.0,F,F,E,,,
226,226,226,2739,2739,229.0,C,Y,E,229.0,TYR,C,P16370,229.0,Y,Y,E,,,
227,227,227,2740,2740,230.0,C,M,E,230.0,MET,C,P16370,230.0,M,M,E,,,
228,228,228,2741,2741,231.0,C,N,E,231.0,ASN,C,P16370,231.0,N,N,E,,,
229,229,229,2742,2742,232.0,C,V,E,232.0,VAL,C,P16370,232.0,V,V,E,,,
230,230,230,2743,2743,233.0,C,E,E,233.0,GLU,C,P16370,233.0,E,E,E,,,
231,231,231,2744,2744,234.0,C,S,E,234.0,SER,C,P16370,234.0,S,S,E,,,
232,232,232,2745,2745,235.0,C,V,C,235.0,VAL,C,P16370,235.0,V,V,C,,,
233,233,233,2746,2746,236.0,C,G,C,236.0,GLY,C,P16370,236.0,G,G,C,,,
234,234,234,2747,2747,237.0,C,S,C,237.0,SER,C,P16370,237.0,S,S,C,,,
235,235,235,2748,2748,238.0,C,I,C,238.0,ILE,C,P16370,238.0,I,I,C,,,
236,236,236,2749,2749,239.0,C,P,C,239.0,PRO,C,P16370,239.0,P,P,C,,,
237,237,237,2750,2750,240.0,C,V,H,240.0,VAL,C,P16370,240.0,V,V,H,,,
238,238,238,2751,2751,241.0,C,D,H,241.0,ASP,C,P16370,241.0,D,D,H,,,
239,239,239,2752,2752,242.0,C,Q,H,242.0,GLN,C,P16370,242.0,Q,Q,H,,,
240,240,240,2753,2753,243.0,C,V,H,243.0,VAL,C,P16370,243.0,V,V,H,,,
241,241,241,2754,2754,244.0,C,V,H,244.0,VAL,C,P16370,244.0,V,V,H,,,
242,242,242,2755,2755,245.0,C,V,H,245.0,VAL,C,P16370,245.0,V,V,H,,,
243,243,243,2756,2756,246.0,C,R,H,246.0,ARG,C,P16370,246.0,R,R,H,,,
244,244,244,2757,2757,247.0,C,G,H,247.0,GLY,C,P16370,247.0,G,G,H,,,
245,245,245,2758,2758,248.0,C,I,H,248.0,ILE,C,P16370,248.0,I,I,H,,,
246,246,246,2759,2759,249.0,C,D,H,249.0,ASP,C,P16370,249.0,D,D,H,,,
247,247,247,2760,2760,250.0,C,T,H,250.0,THR,C,P16370,250.0,T,T,H,,,
248,248,248,2761,2761,251.0,C,L,H,251.0,LEU,C,P16370,251.0,L,L,H,,,
249,249,249,2762,2762,252.0,C,Q,H,252.0,GLN,C,P16370,252.0,Q,Q,H,,,
250,250,250,2763,2763,253.0,C,K,H,253.0,LYS,C,P16370,253.0,K,K,H,,,
251,251,251,2764,2764,254.0,C,K,H,254.0,LYS,C,P16370,254.0,K,K,H,,,
252,252,252,2765,2765,255.0,C,V,H,255.0,VAL,C,P16370,255.0,V,V,H,,,
253,253,253,2766,2766,256.0,C,A,H,256.0,ALA,C,P16370,256.0,A,A,H,,,
254,254,254,2767,2767,257.0,C,S,H,257.0,SER,C,P16370,257.0,S,S,H,,,
255,255,255,2768,2768,258.0,C,I,H,258.0,ILE,C,P16370,258.0,I,I,H,,,
256,256,256,2769,2769,259.0,C,L,H,259.0,LEU,C,P16370,259.0,L,L,H,,,
257,257,257,2770,2770,260.0,C,L,H,260.0,LEU,C,P16370,260.0,L,L,H,,,
258,258,258,2771,2771,261.0,C,A,H,261.0,ALA,C,P16370,261.0,A,A,H,,,
259,259,259,2772,2772,262.0,C,L,H,262.0,LEU,C,P16370,262.0,L,L,H,,,
260,260,260,2773,2773,263.0,C,T,H,263.0,THR,C,P16370,263.0,T,T,H,,,
261,261,261,2774,2774,264.0,C,Q,H,264.0,GLN,C,P16370,264.0,Q,Q,H,,,
262,262,262,2775,2775,265.0,C,M,H,265.0,MET,C,P16370,265.0,M,M,H,,,
263,263,263,2776,2776,266.0,C,D,C,266.0,ASP,C,P16370,266.0,D,D,H,,,
264,264,264,2777,2777,267.0,C,Q,C,267.0,GLN,C,P16370,267.0,Q,Q,H,,,
265,265,265,2778,2778,268.0,C,D,C,268.0,ASP,C,P16370,268.0,D,D,H,,,
