,Unnamed: 0,Unnamed: 0.3,Unnamed: 0.2,Unnamed: 0.1,Unnamed: 0.1.1,RES,CHAIN,AA,SS_CLASS,PDB_dbResNum,PDB_dbResName,PDB_dbChainId,UniProt_dbAccessionId,UniProt_dbResNum,UniProt_dbResName,shifted Uni,AF_predictions,Jpred_seq,Jpred_SS_pred
0,0,140.0,140.0,140.0,140.0,151.0,A,P,C,151.0,PRO,A,P0C512,151.0,P,P,C,P,C
1,1,141.0,141.0,141.0,141.0,152.0,A,P,C,152.0,PRO,A,P0C512,152.0,P,P,C,P,C
2,2,142.0,142.0,142.0,142.0,153.0,A,H,C,153.0,HIS,A,P0C512,153.0,H,H,C,H,C
3,3,143.0,143.0,143.0,143.0,154.0,A,G,C,154.0,GLY,A,P0C512,154.0,G,G,C,G,C
4,4,144.0,144.0,144.0,144.0,155.0,A,I,H,155.0,ILE,A,P0C512,155.0,I,I,H,I,H
5,5,145.0,145.0,145.0,145.0,156.0,A,Q,H,156.0,GLN,A,P0C512,156.0,Q,Q,H,Q,H
6,6,146.0,146.0,146.0,146.0,157.0,A,V,H,157.0,VAL,A,P0C512,157.0,V,V,H,V,H
7,7,147.0,147.0,147.0,147.0,158.0,A,E,H,158.0,GLU,A,P0C512,158.0,E,E,H,E,H
8,8,148.0,148.0,148.0,148.0,159.0,A,R,H,159.0,ARG,A,P0C512,159.0,R,R,H,R,H
9,9,149.0,149.0,149.0,149.0,160.0,A,D,H,160.0,ASP,A,P0C512,160.0,D,D,H,D,H
10,10,150.0,150.0,150.0,150.0,161.0,A,K,H,161.0,LYS,A,P0C512,161.0,K,K,H,K,H
11,11,151.0,151.0,151.0,151.0,162.0,A,L,H,162.0,LEU,A,P0C512,162.0,L,L,H,L,H
12,12,152.0,152.0,152.0,152.0,163.0,A,N,C,163.0,ASN,A,P0C512,163.0,N,N,C,N,C
13,13,153.0,153.0,153.0,153.0,164.0,A,K,C,164.0,LYS,A,P0C512,164.0,K,K,C,K,C
14,14,154.0,154.0,154.0,154.0,165.0,A,Y,C,165.0,TYR,A,P0C512,165.0,Y,Y,C,Y,C
15,15,155.0,155.0,155.0,155.0,166.0,A,G,C,166.0,GLY,A,P0C512,166.0,G,G,C,G,C
16,16,156.0,156.0,156.0,156.0,167.0,A,R,C,167.0,ARG,A,P0C512,167.0,R,R,C,R,C
17,17,157.0,157.0,157.0,157.0,168.0,A,P,C,168.0,PRO,A,P0C512,168.0,P,P,C,P,C
18,18,158.0,158.0,158.0,158.0,169.0,A,L,E,169.0,LEU,A,P0C512,169.0,L,L,E,L,E
19,19,159.0,159.0,159.0,159.0,170.0,A,L,E,170.0,LEU,A,P0C512,170.0,L,L,E,L,E
20,20,160.0,160.0,160.0,160.0,171.0,A,G,E,171.0,GLY,A,P0C512,171.0,G,G,E,G,E
21,21,161.0,161.0,161.0,161.0,172.0,A,C,C,172.0,CYS,A,P0C512,172.0,C,C,C,C,C
22,22,162.0,162.0,162.0,162.0,173.0,A,T,C,173.0,THR,A,P0C512,173.0,T,T,C,T,E
23,23,163.0,163.0,163.0,163.0,174.0,A,I,C,174.0,ILE,A,P0C512,174.0,I,I,C,I,C
24,24,164.0,164.0,164.0,164.0,175.0,A,K,C,175.0,LYS,A,P0C512,175.0,K,K,C,K,C
25,25,165.0,165.0,165.0,165.0,176.0,A,P,C,176.0,PRO,A,P0C512,176.0,P,P,C,P,C
26,26,166.0,166.0,166.0,166.0,177.0,A,K,C,177.0,LYS,A,P0C512,177.0,K,K,C,K,C
27,27,167.0,167.0,167.0,167.0,178.0,A,L,C,178.0,LEU,A,P0C512,178.0,L,L,C,L,C
28,28,168.0,168.0,168.0,168.0,179.0,A,G,C,179.0,GLY,A,P0C512,179.0,G,G,C,G,C
29,29,169.0,169.0,169.0,169.0,180.0,A,L,C,180.0,LEU,A,P0C512,180.0,L,L,C,L,C
30,30,170.0,170.0,170.0,170.0,181.0,A,S,C,181.0,SER,A,P0C512,181.0,S,S,C,S,C
31,31,171.0,171.0,171.0,171.0,182.0,A,A,H,182.0,ALA,A,P0C512,182.0,A,A,H,A,H
32,32,172.0,172.0,172.0,172.0,183.0,A,K,H,183.0,LYS,A,P0C512,183.0,K,K,H,K,H
33,33,173.0,173.0,173.0,173.0,184.0,A,N,H,184.0,ASN,A,P0C512,184.0,N,N,H,N,H
34,34,174.0,174.0,174.0,174.0,185.0,A,Y,H,185.0,TYR,A,P0C512,185.0,Y,Y,H,Y,H
35,35,175.0,175.0,175.0,175.0,186.0,A,G,H,186.0,GLY,A,P0C512,186.0,G,G,H,G,H
36,36,176.0,176.0,176.0,176.0,187.0,A,R,H,187.0,ARG,A,P0C512,187.0,R,R,H,R,H
37,37,177.0,177.0,177.0,177.0,188.0,A,A,H,188.0,ALA,A,P0C512,188.0,A,A,H,A,H
38,38,178.0,178.0,178.0,178.0,189.0,A,C,H,189.0,CYS,A,P0C512,189.0,C,C,H,C,H
39,39,179.0,179.0,179.0,179.0,190.0,A,Y,H,190.0,TYR,A,P0C512,190.0,Y,Y,H,Y,H
40,40,180.0,180.0,180.0,180.0,191.0,A,E,H,191.0,GLU,A,P0C512,191.0,E,E,H,E,H
41,41,181.0,181.0,181.0,181.0,192.0,A,C,H,192.0,CYS,A,P0C512,192.0,C,C,H,C,H
42,42,182.0,182.0,182.0,182.0,193.0,A,L,H,193.0,LEU,A,P0C512,193.0,L,L,H,L,H
43,43,183.0,183.0,183.0,183.0,194.0,A,R,H,194.0,ARG,A,P0C512,194.0,R,R,H,R,H
44,44,184.0,184.0,184.0,184.0,195.0,A,G,C,195.0,GLY,A,P0C512,195.0,G,G,C,G,C
45,45,185.0,185.0,185.0,185.0,196.0,A,G,C,196.0,GLY,A,P0C512,196.0,G,G,C,G,C
46,46,186.0,186.0,186.0,186.0,197.0,A,L,C,197.0,LEU,A,P0C512,197.0,L,L,C,L,C
47,47,187.0,187.0,187.0,187.0,198.0,A,D,C,198.0,ASP,A,P0C512,198.0,D,D,C,D,C
48,48,188.0,188.0,188.0,188.0,199.0,A,F,E,199.0,PHE,A,P0C512,199.0,F,F,E,F,E
49,49,189.0,189.0,189.0,189.0,200.0,A,T,E,200.0,THR,A,P0C512,200.0,T,T,E,T,E
50,50,190.0,190.0,190.0,190.0,201.0,A,X,E,201.0,KCX,A,P0C512,201.0,K,K,E,K,E
51,51,191.0,191.0,191.0,191.0,202.0,A,D,C,202.0,ASP,A,P0C512,202.0,D,D,C,D,C
52,52,192.0,192.0,192.0,192.0,203.0,A,D,C,203.0,ASP,A,P0C512,203.0,D,D,C,D,C
53,53,193.0,193.0,193.0,193.0,204.0,A,E,C,204.0,GLU,A,P0C512,204.0,E,E,C,E,C
54,54,194.0,194.0,194.0,194.0,205.0,A,N,C,205.0,ASN,A,P0C512,205.0,N,N,C,N,C
55,55,195.0,195.0,195.0,195.0,206.0,A,V,C,206.0,VAL,A,P0C512,206.0,V,V,C,V,C
56,56,196.0,196.0,196.0,196.0,207.0,A,N,C,207.0,ASN,A,P0C512,207.0,N,N,C,N,C
57,57,197.0,197.0,197.0,197.0,208.0,A,S,C,208.0,SER,A,P0C512,208.0,S,S,C,S,C
58,58,198.0,198.0,198.0,198.0,209.0,A,Q,C,209.0,GLN,A,P0C512,209.0,Q,Q,C,Q,E
59,59,199.0,199.0,199.0,199.0,210.0,A,P,C,210.0,PRO,A,P0C512,210.0,P,P,C,P,C
60,60,200.0,200.0,200.0,200.0,211.0,A,F,C,211.0,PHE,A,P0C512,211.0,F,F,C,F,C
61,61,201.0,201.0,201.0,201.0,212.0,A,M,C,212.0,MET,A,P0C512,212.0,M,M,C,M,E
62,62,202.0,202.0,202.0,202.0,213.0,A,R,C,213.0,ARG,A,P0C512,213.0,R,R,C,R,C
63,63,203.0,203.0,203.0,203.0,214.0,A,W,H,214.0,TRP,A,P0C512,214.0,W,W,H,W,H
64,64,204.0,204.0,204.0,204.0,215.0,A,R,H,215.0,ARG,A,P0C512,215.0,R,R,H,R,H
65,65,205.0,205.0,205.0,205.0,216.0,A,D,H,216.0,ASP,A,P0C512,216.0,D,D,H,D,H
66,66,206.0,206.0,206.0,206.0,217.0,A,R,H,217.0,ARG,A,P0C512,217.0,R,R,H,R,H
67,67,207.0,207.0,207.0,207.0,218.0,A,F,H,218.0,PHE,A,P0C512,218.0,F,F,H,F,H
68,68,208.0,208.0,208.0,208.0,219.0,A,V,H,219.0,VAL,A,P0C512,219.0,V,V,H,V,H
69,69,209.0,209.0,209.0,209.0,220.0,A,F,H,220.0,PHE,A,P0C512,220.0,F,F,H,F,H
70,70,210.0,210.0,210.0,210.0,221.0,A,C,H,221.0,CYS,A,P0C512,221.0,C,C,H,C,H
71,71,211.0,211.0,211.0,211.0,222.0,A,A,H,222.0,ALA,A,P0C512,222.0,A,A,H,A,H
72,72,212.0,212.0,212.0,212.0,223.0,A,E,H,223.0,GLU,A,P0C512,223.0,E,E,H,E,H
73,73,213.0,213.0,213.0,213.0,224.0,A,A,H,224.0,ALA,A,P0C512,224.0,A,A,H,A,H
74,74,214.0,214.0,214.0,214.0,225.0,A,I,H,225.0,ILE,A,P0C512,225.0,I,I,H,I,H
75,75,215.0,215.0,215.0,215.0,226.0,A,Y,H,226.0,TYR,A,P0C512,226.0,Y,Y,H,Y,H
76,76,216.0,216.0,216.0,216.0,227.0,A,K,H,227.0,LYS,A,P0C512,227.0,K,K,H,K,H
77,77,217.0,217.0,217.0,217.0,228.0,A,S,H,228.0,SER,A,P0C512,228.0,S,S,H,S,H
78,78,218.0,218.0,218.0,218.0,229.0,A,Q,H,229.0,GLN,A,P0C512,229.0,Q,Q,H,Q,H
79,79,219.0,219.0,219.0,219.0,230.0,A,A,H,230.0,ALA,A,P0C512,230.0,A,A,H,A,H
80,80,220.0,220.0,220.0,220.0,231.0,A,E,H,231.0,GLU,A,P0C512,231.0,E,E,H,E,H
81,81,221.0,221.0,221.0,221.0,232.0,A,T,H,232.0,THR,A,P0C512,232.0,T,T,H,T,H
82,82,222.0,222.0,222.0,222.0,233.0,A,G,C,233.0,GLY,A,P0C512,233.0,G,G,C,G,C
83,83,223.0,223.0,223.0,223.0,234.0,A,E,C,234.0,GLU,A,P0C512,234.0,E,E,C,E,C
84,84,224.0,224.0,224.0,224.0,235.0,A,I,C,235.0,ILE,A,P0C512,235.0,I,I,C,I,C
85,85,225.0,225.0,225.0,225.0,236.0,A,K,C,236.0,LYS,A,P0C512,236.0,K,K,C,K,C
86,86,226.0,226.0,226.0,226.0,237.0,A,G,E,237.0,GLY,A,P0C512,237.0,G,G,E,G,E
87,87,227.0,227.0,227.0,227.0,238.0,A,H,E,238.0,HIS,A,P0C512,238.0,H,H,E,H,E
88,88,228.0,228.0,228.0,228.0,239.0,A,Y,E,239.0,TYR,A,P0C512,239.0,Y,Y,E,Y,E
89,89,229.0,229.0,229.0,229.0,240.0,A,L,E,240.0,LEU,A,P0C512,240.0,L,L,E,L,E
90,90,230.0,230.0,230.0,230.0,241.0,A,N,E,241.0,ASN,A,P0C512,241.0,N,N,E,N,E
91,91,231.0,231.0,231.0,231.0,242.0,A,A,C,242.0,ALA,A,P0C512,242.0,A,A,C,A,C
92,92,232.0,232.0,232.0,232.0,243.0,A,T,C,243.0,THR,A,P0C512,243.0,T,T,C,T,C
93,93,233.0,233.0,233.0,233.0,244.0,A,A,C,244.0,ALA,A,P0C512,244.0,A,A,C,A,C
94,94,234.0,234.0,234.0,234.0,245.0,A,G,C,245.0,GLY,A,P0C512,245.0,G,G,C,G,C
95,95,235.0,235.0,235.0,235.0,246.0,A,T,C,246.0,THR,A,P0C512,246.0,T,T,C,T,C
96,96,236.0,236.0,236.0,236.0,247.0,A,a,H,247.0,CYS,A,P0C512,247.0,C,C,H,C,H
97,97,237.0,237.0,237.0,237.0,248.0,A,E,H,248.0,GLU,A,P0C512,248.0,E,E,H,E,H
98,98,238.0,238.0,238.0,238.0,249.0,A,E,H,249.0,GLU,A,P0C512,249.0,E,E,H,E,H
99,99,239.0,239.0,239.0,239.0,250.0,A,M,H,250.0,MET,A,P0C512,250.0,M,M,H,M,H
100,100,240.0,240.0,240.0,240.0,251.0,A,I,H,251.0,ILE,A,P0C512,251.0,I,I,H,I,H
101,101,241.0,241.0,241.0,241.0,252.0,A,K,H,252.0,LYS,A,P0C512,252.0,K,K,H,K,H
102,102,242.0,242.0,242.0,242.0,253.0,A,R,H,253.0,ARG,A,P0C512,253.0,R,R,H,R,H
103,103,243.0,243.0,243.0,243.0,254.0,A,A,H,254.0,ALA,A,P0C512,254.0,A,A,H,A,H
104,104,244.0,244.0,244.0,244.0,255.0,A,V,H,255.0,VAL,A,P0C512,255.0,V,V,H,V,H
105,105,245.0,245.0,245.0,245.0,256.0,A,F,H,256.0,PHE,A,P0C512,256.0,F,F,H,F,H
106,106,246.0,246.0,246.0,246.0,257.0,A,A,H,257.0,ALA,A,P0C512,257.0,A,A,H,A,H
107,107,247.0,247.0,247.0,247.0,258.0,A,R,H,258.0,ARG,A,P0C512,258.0,R,R,H,R,H
108,108,248.0,248.0,248.0,248.0,259.0,A,E,H,259.0,GLU,A,P0C512,259.0,E,E,H,E,H
109,109,249.0,249.0,249.0,249.0,260.0,A,L,H,260.0,LEU,A,P0C512,260.0,L,L,C,L,H
110,110,250.0,250.0,250.0,250.0,261.0,A,G,C,261.0,GLY,A,P0C512,261.0,G,G,C,G,C
111,111,251.0,251.0,251.0,251.0,262.0,A,V,C,262.0,VAL,A,P0C512,262.0,V,V,C,V,C
112,112,252.0,252.0,252.0,252.0,263.0,A,P,C,263.0,PRO,A,P0C512,263.0,P,P,C,P,C
113,113,253.0,253.0,253.0,253.0,264.0,A,I,E,264.0,ILE,A,P0C512,264.0,I,I,E,I,E
114,114,254.0,254.0,254.0,254.0,265.0,A,V,E,265.0,VAL,A,P0C512,265.0,V,V,E,V,E
115,115,255.0,255.0,255.0,255.0,266.0,A,M,E,266.0,MET,A,P0C512,266.0,M,M,E,M,E
116,116,256.0,256.0,256.0,256.0,267.0,A,H,E,267.0,HIS,A,P0C512,267.0,H,H,E,H,E
117,117,257.0,257.0,257.0,257.0,268.0,A,D,E,268.0,ASP,A,P0C512,268.0,D,D,E,D,E
118,118,258.0,258.0,258.0,258.0,269.0,A,Y,H,269.0,TYR,A,P0C512,269.0,Y,Y,H,Y,H
119,119,259.0,259.0,259.0,259.0,270.0,A,L,H,270.0,LEU,A,P0C512,270.0,L,L,H,L,H
120,120,260.0,260.0,260.0,260.0,271.0,A,T,H,271.0,THR,A,P0C512,271.0,T,T,H,T,H
121,121,261.0,261.0,261.0,261.0,272.0,A,G,H,272.0,GLY,A,P0C512,272.0,G,G,H,G,H
122,122,262.0,262.0,262.0,262.0,273.0,A,G,C,273.0,GLY,A,P0C512,273.0,G,G,C,G,C
123,123,263.0,263.0,263.0,263.0,274.0,A,F,H,274.0,PHE,A,P0C512,274.0,F,F,H,F,H
124,124,264.0,264.0,264.0,264.0,275.0,A,T,H,275.0,THR,A,P0C512,275.0,T,T,H,T,H
125,125,265.0,265.0,265.0,265.0,276.0,A,A,H,276.0,ALA,A,P0C512,276.0,A,A,H,A,H
126,126,266.0,266.0,266.0,266.0,277.0,A,N,H,277.0,ASN,A,P0C512,277.0,N,N,H,N,H
127,127,267.0,267.0,267.0,267.0,278.0,A,T,H,278.0,THR,A,P0C512,278.0,T,T,H,T,H
128,128,268.0,268.0,268.0,268.0,279.0,A,S,H,279.0,SER,A,P0C512,279.0,S,S,H,S,H
129,129,269.0,269.0,269.0,269.0,280.0,A,L,H,280.0,LEU,A,P0C512,280.0,L,L,H,L,H
130,130,270.0,270.0,270.0,270.0,281.0,A,A,H,281.0,ALA,A,P0C512,281.0,A,A,H,A,H
131,131,271.0,271.0,271.0,271.0,282.0,A,H,H,282.0,HIS,A,P0C512,282.0,H,H,H,H,H
132,132,272.0,272.0,272.0,272.0,283.0,A,Y,H,283.0,TYR,A,P0C512,283.0,Y,Y,H,Y,H
133,133,273.0,273.0,273.0,273.0,284.0,A,C,H,284.0,CYS,A,P0C512,284.0,C,C,H,C,H
134,134,274.0,274.0,274.0,274.0,285.0,A,R,H,285.0,ARG,A,P0C512,285.0,R,R,H,R,H
135,135,275.0,275.0,275.0,275.0,286.0,A,D,H,286.0,ASP,A,P0C512,286.0,D,D,H,D,H
136,136,276.0,276.0,276.0,276.0,287.0,A,N,H,287.0,ASN,A,P0C512,287.0,N,N,C,N,H
137,137,277.0,277.0,277.0,277.0,288.0,A,G,C,288.0,GLY,A,P0C512,288.0,G,G,C,G,C
138,138,278.0,278.0,278.0,278.0,289.0,A,L,C,289.0,LEU,A,P0C512,289.0,L,L,C,L,C
139,139,279.0,279.0,279.0,279.0,290.0,A,L,E,290.0,LEU,A,P0C512,290.0,L,L,E,L,E
140,140,280.0,280.0,280.0,280.0,291.0,A,L,E,291.0,LEU,A,P0C512,291.0,L,L,E,L,E
141,141,281.0,281.0,281.0,281.0,292.0,A,H,E,292.0,HIS,A,P0C512,292.0,H,H,E,H,E
142,142,282.0,282.0,282.0,282.0,293.0,A,I,E,293.0,ILE,A,P0C512,293.0,I,I,E,I,E
143,143,283.0,283.0,283.0,283.0,294.0,A,H,E,294.0,HIS,A,P0C512,294.0,H,H,E,H,E
144,144,284.0,284.0,284.0,284.0,295.0,A,R,C,295.0,ARG,A,P0C512,295.0,R,R,C,R,C
145,145,285.0,285.0,285.0,285.0,296.0,A,A,C,296.0,ALA,A,P0C512,296.0,A,A,C,A,C
146,146,286.0,286.0,286.0,286.0,297.0,A,M,C,297.0,MET,A,P0C512,297.0,M,M,C,M,C
147,147,287.0,287.0,287.0,287.0,298.0,A,H,H,298.0,HIS,A,P0C512,298.0,H,H,H,H,H
148,148,288.0,288.0,288.0,288.0,299.0,A,A,H,299.0,ALA,A,P0C512,299.0,A,A,H,A,H
149,149,289.0,289.0,289.0,289.0,300.0,A,V,H,300.0,VAL,A,P0C512,300.0,V,V,H,V,H
150,150,290.0,290.0,290.0,290.0,301.0,A,I,H,301.0,ILE,A,P0C512,301.0,I,I,H,I,H
151,151,291.0,291.0,291.0,291.0,302.0,A,D,H,302.0,ASP,A,P0C512,302.0,D,D,H,D,H
152,152,292.0,292.0,292.0,292.0,303.0,A,R,C,303.0,ARG,A,P0C512,303.0,R,R,C,R,C
153,153,293.0,293.0,293.0,293.0,304.0,A,Q,C,304.0,GLN,A,P0C512,304.0,Q,Q,C,Q,C
154,154,294.0,294.0,294.0,294.0,305.0,A,K,C,305.0,LYS,A,P0C512,305.0,K,K,C,K,C
155,155,295.0,295.0,295.0,295.0,306.0,A,N,C,306.0,ASN,A,P0C512,306.0,N,N,C,N,C
156,156,296.0,296.0,296.0,296.0,307.0,A,H,C,307.0,HIS,A,P0C512,307.0,H,H,C,H,C
157,157,297.0,297.0,297.0,297.0,308.0,A,G,E,308.0,GLY,A,P0C512,308.0,G,G,E,G,E
158,158,298.0,298.0,298.0,298.0,309.0,A,M,E,309.0,MET,A,P0C512,309.0,M,M,E,M,E
159,159,299.0,299.0,299.0,299.0,310.0,A,H,C,310.0,HIS,A,P0C512,310.0,H,H,C,H,C
160,160,300.0,300.0,300.0,300.0,311.0,A,F,H,311.0,PHE,A,P0C512,311.0,F,F,H,F,H
161,161,301.0,301.0,301.0,301.0,312.0,A,R,H,312.0,ARG,A,P0C512,312.0,R,R,H,R,H
162,162,302.0,302.0,302.0,302.0,313.0,A,V,H,313.0,VAL,A,P0C512,313.0,V,V,H,V,H
163,163,303.0,303.0,303.0,303.0,314.0,A,L,H,314.0,LEU,A,P0C512,314.0,L,L,H,L,H
164,164,304.0,304.0,304.0,304.0,315.0,A,A,H,315.0,ALA,A,P0C512,315.0,A,A,H,A,H
165,165,305.0,305.0,305.0,305.0,316.0,A,K,H,316.0,LYS,A,P0C512,316.0,K,K,H,K,H
166,166,306.0,306.0,306.0,306.0,317.0,A,A,H,317.0,ALA,A,P0C512,317.0,A,A,H,A,H
167,167,307.0,307.0,307.0,307.0,318.0,A,L,H,318.0,LEU,A,P0C512,318.0,L,L,H,L,H
168,168,308.0,308.0,308.0,308.0,319.0,A,R,H,319.0,ARG,A,P0C512,319.0,R,R,H,R,H
169,169,309.0,309.0,309.0,309.0,320.0,A,M,H,320.0,MET,A,P0C512,320.0,M,M,H,M,H
170,170,310.0,310.0,310.0,310.0,321.0,A,S,H,321.0,SER,A,P0C512,321.0,S,S,H,S,H
171,171,311.0,311.0,311.0,311.0,322.0,A,G,C,322.0,GLY,A,P0C512,322.0,G,G,C,G,C
172,172,312.0,312.0,312.0,312.0,323.0,A,G,C,323.0,GLY,A,P0C512,323.0,G,G,C,G,C
173,173,313.0,313.0,313.0,313.0,324.0,A,D,C,324.0,ASP,A,P0C512,324.0,D,D,C,D,C
174,174,314.0,314.0,314.0,314.0,325.0,A,H,E,325.0,HIS,A,P0C512,325.0,H,H,E,H,E
175,175,315.0,315.0,315.0,315.0,326.0,A,I,E,326.0,ILE,A,P0C512,326.0,I,I,E,I,E
176,176,316.0,316.0,316.0,316.0,327.0,A,H,E,327.0,HIS,A,P0C512,327.0,H,H,E,H,E
177,177,317.0,317.0,317.0,317.0,328.0,A,A,C,328.0,ALA,A,P0C512,328.0,A,A,C,A,C
178,178,318.0,318.0,318.0,318.0,329.0,A,G,C,329.0,GLY,A,P0C512,329.0,G,G,C,G,C
179,179,319.0,319.0,319.0,319.0,330.0,A,T,C,330.0,THR,A,P0C512,330.0,T,T,C,T,C
180,180,320.0,320.0,320.0,320.0,331.0,A,V,C,331.0,VAL,A,P0C512,331.0,V,V,C,V,C
181,181,321.0,321.0,321.0,321.0,332.0,A,V,C,332.0,VAL,A,P0C512,332.0,V,V,C,V,C
182,182,322.0,322.0,322.0,322.0,333.0,A,G,C,333.0,GLY,A,P0C512,333.0,G,G,C,G,C
183,183,323.0,323.0,323.0,323.0,334.0,A,K,C,334.0,LYS,A,P0C512,334.0,K,K,C,K,C
184,184,324.0,324.0,324.0,324.0,335.0,A,L,C,335.0,LEU,A,P0C512,335.0,L,L,C,L,E
185,185,325.0,325.0,325.0,325.0,336.0,A,E,C,336.0,GLU,A,P0C512,336.0,E,E,C,E,C
186,186,326.0,326.0,326.0,326.0,337.0,A,G,C,337.0,GLY,A,P0C512,337.0,G,G,C,G,C
187,187,327.0,327.0,327.0,327.0,338.0,A,E,C,338.0,GLU,A,P0C512,338.0,E,E,C,E,C
188,188,328.0,328.0,328.0,328.0,339.0,A,R,H,339.0,ARG,A,P0C512,339.0,R,R,H,R,H
189,189,329.0,329.0,329.0,329.0,340.0,A,E,H,340.0,GLU,A,P0C512,340.0,E,E,H,E,H
190,190,330.0,330.0,330.0,330.0,341.0,A,M,H,341.0,MET,A,P0C512,341.0,M,M,H,M,H
191,191,331.0,331.0,331.0,331.0,342.0,A,T,H,342.0,THR,A,P0C512,342.0,T,T,H,T,H
192,192,332.0,332.0,332.0,332.0,343.0,A,L,H,343.0,LEU,A,P0C512,343.0,L,L,H,L,H
193,193,333.0,333.0,333.0,333.0,344.0,A,G,H,344.0,GLY,A,P0C512,344.0,G,G,H,G,H
194,194,334.0,334.0,334.0,334.0,345.0,A,F,H,345.0,PHE,A,P0C512,345.0,F,F,H,F,H
195,195,335.0,335.0,335.0,335.0,346.0,A,V,H,346.0,VAL,A,P0C512,346.0,V,V,H,V,H
196,196,336.0,336.0,336.0,336.0,347.0,A,D,H,347.0,ASP,A,P0C512,347.0,D,D,H,D,H
197,197,337.0,337.0,337.0,337.0,348.0,A,L,H,348.0,LEU,A,P0C512,348.0,L,L,H,L,H
198,198,338.0,338.0,338.0,338.0,349.0,A,L,H,349.0,LEU,A,P0C512,349.0,L,L,H,L,H
199,199,339.0,339.0,339.0,339.0,350.0,A,R,H,350.0,ARG,A,P0C512,350.0,R,R,H,R,H
200,200,340.0,340.0,340.0,340.0,351.0,A,D,C,351.0,ASP,A,P0C512,351.0,D,D,C,D,C
201,201,341.0,341.0,341.0,341.0,352.0,A,D,C,352.0,ASP,A,P0C512,352.0,D,D,C,D,C
202,202,342.0,342.0,342.0,342.0,353.0,A,F,E,353.0,PHE,A,P0C512,353.0,F,F,E,F,E
203,203,343.0,343.0,343.0,343.0,354.0,A,I,E,354.0,ILE,A,P0C512,354.0,I,I,E,I,E
204,204,344.0,344.0,344.0,344.0,355.0,A,E,C,355.0,GLU,A,P0C512,355.0,E,E,C,E,C
205,205,345.0,345.0,345.0,345.0,356.0,A,K,C,356.0,LYS,A,P0C512,356.0,K,K,C,K,C
206,206,346.0,346.0,346.0,346.0,357.0,A,D,C,357.0,ASP,A,P0C512,357.0,D,D,C,D,E
207,207,347.0,347.0,347.0,347.0,358.0,A,R,C,358.0,ARG,A,P0C512,358.0,R,R,C,R,C
208,208,348.0,348.0,348.0,348.0,359.0,A,A,C,359.0,ALA,A,P0C512,359.0,A,A,C,A,C
209,209,349.0,349.0,349.0,349.0,360.0,A,R,C,360.0,ARG,A,P0C512,360.0,R,R,C,R,C
210,210,350.0,350.0,350.0,350.0,361.0,A,G,C,361.0,GLY,A,P0C512,361.0,G,G,C,G,C
211,211,351.0,351.0,351.0,351.0,362.0,A,I,C,362.0,ILE,A,P0C512,362.0,I,I,C,I,E
212,212,352.0,352.0,352.0,352.0,363.0,A,F,C,363.0,PHE,A,P0C512,363.0,F,F,C,F,C
213,213,353.0,353.0,353.0,353.0,364.0,A,F,C,364.0,PHE,A,P0C512,364.0,F,F,C,F,C
214,214,354.0,354.0,354.0,354.0,365.0,A,T,C,365.0,THR,A,P0C512,365.0,T,T,C,T,C
215,215,355.0,355.0,355.0,355.0,366.0,A,Q,E,366.0,GLN,A,P0C512,366.0,Q,Q,E,Q,E
216,216,356.0,356.0,356.0,356.0,367.0,A,D,E,367.0,ASP,A,P0C512,367.0,D,D,E,D,E
217,217,357.0,357.0,357.0,357.0,368.0,A,W,C,368.0,TRP,A,P0C512,368.0,W,W,C,W,C
218,218,358.0,358.0,358.0,358.0,369.0,A,V,C,369.0,VAL,A,P0C512,369.0,V,V,C,V,C
219,219,359.0,359.0,359.0,359.0,370.0,A,S,C,370.0,SER,A,P0C512,370.0,S,S,C,S,C
220,220,360.0,360.0,360.0,360.0,371.0,A,M,C,371.0,MET,A,P0C512,371.0,M,M,C,M,C
221,221,361.0,361.0,361.0,361.0,372.0,A,P,C,372.0,PRO,A,P0C512,372.0,P,P,C,P,C
222,222,362.0,362.0,362.0,362.0,373.0,A,G,C,373.0,GLY,A,P0C512,373.0,G,G,C,G,C
223,223,363.0,363.0,363.0,363.0,374.0,A,V,C,374.0,VAL,A,P0C512,374.0,V,V,C,V,C
224,224,364.0,364.0,364.0,364.0,375.0,A,I,E,375.0,ILE,A,P0C512,375.0,I,I,E,I,E
225,225,365.0,365.0,365.0,365.0,376.0,A,P,E,376.0,PRO,A,P0C512,376.0,P,P,E,P,E
226,226,366.0,366.0,366.0,366.0,377.0,A,V,E,377.0,VAL,A,P0C512,377.0,V,V,E,V,E
227,227,367.0,367.0,367.0,367.0,378.0,A,A,E,378.0,ALA,A,P0C512,378.0,A,A,E,A,E
228,228,368.0,368.0,368.0,368.0,379.0,A,S,E,379.0,SER,A,P0C512,379.0,S,S,E,S,E
229,229,369.0,369.0,369.0,369.0,380.0,A,G,C,380.0,GLY,A,P0C512,380.0,G,G,C,G,C
230,230,370.0,370.0,370.0,370.0,381.0,A,G,C,381.0,GLY,A,P0C512,381.0,G,G,C,G,C
231,231,371.0,371.0,371.0,371.0,382.0,A,I,C,382.0,ILE,A,P0C512,382.0,I,I,C,I,C
232,232,372.0,372.0,372.0,372.0,383.0,A,H,C,383.0,HIS,A,P0C512,383.0,H,H,C,H,C
233,233,373.0,373.0,373.0,373.0,384.0,A,V,C,384.0,VAL,A,P0C512,384.0,V,V,C,V,C
234,234,374.0,374.0,374.0,374.0,385.0,A,W,C,385.0,TRP,A,P0C512,385.0,W,W,C,W,C
235,235,375.0,375.0,375.0,375.0,386.0,A,H,C,386.0,HIS,A,P0C512,386.0,H,H,C,H,C
236,236,376.0,376.0,376.0,376.0,387.0,A,M,H,387.0,MET,A,P0C512,387.0,M,M,H,M,H
237,237,377.0,377.0,377.0,377.0,388.0,A,P,H,388.0,PRO,A,P0C512,388.0,P,P,H,P,H
238,238,378.0,378.0,378.0,378.0,389.0,A,A,H,389.0,ALA,A,P0C512,389.0,A,A,H,A,H
239,239,379.0,379.0,379.0,379.0,390.0,A,L,H,390.0,LEU,A,P0C512,390.0,L,L,H,L,H
240,240,380.0,380.0,380.0,380.0,391.0,A,T,H,391.0,THR,A,P0C512,391.0,T,T,H,T,H
241,241,381.0,381.0,381.0,381.0,392.0,A,E,H,392.0,GLU,A,P0C512,392.0,E,E,H,E,H
242,242,382.0,382.0,382.0,382.0,393.0,A,I,H,393.0,ILE,A,P0C512,393.0,I,I,H,I,H
243,243,383.0,383.0,383.0,383.0,394.0,A,F,H,394.0,PHE,A,P0C512,394.0,F,F,H,F,H
244,244,384.0,384.0,384.0,384.0,395.0,A,G,C,395.0,GLY,A,P0C512,395.0,G,G,C,G,C
245,245,385.0,385.0,385.0,385.0,396.0,A,D,C,396.0,ASP,A,P0C512,396.0,D,D,C,D,C
246,246,386.0,386.0,386.0,386.0,397.0,A,D,C,397.0,ASP,A,P0C512,397.0,D,D,C,D,C
247,247,387.0,387.0,387.0,387.0,398.0,A,S,C,398.0,SER,A,P0C512,398.0,S,S,C,S,C
248,248,388.0,388.0,388.0,388.0,399.0,A,V,E,399.0,VAL,A,P0C512,399.0,V,V,E,V,E
249,249,389.0,389.0,389.0,389.0,400.0,A,L,E,400.0,LEU,A,P0C512,400.0,L,L,E,L,E
250,250,390.0,390.0,390.0,390.0,401.0,A,Q,E,401.0,GLN,A,P0C512,401.0,Q,Q,E,Q,E
251,251,391.0,391.0,391.0,391.0,402.0,A,F,C,402.0,PHE,A,P0C512,402.0,F,F,C,F,C
252,252,392.0,392.0,392.0,392.0,403.0,A,G,C,403.0,GLY,A,P0C512,403.0,G,G,C,G,C
253,253,393.0,393.0,393.0,393.0,404.0,A,G,H,404.0,GLY,A,P0C512,404.0,G,G,H,G,H
254,254,394.0,394.0,394.0,394.0,405.0,A,G,H,405.0,GLY,A,P0C512,405.0,G,G,H,G,H
255,255,395.0,395.0,395.0,395.0,406.0,A,T,H,406.0,THR,A,P0C512,406.0,T,T,H,T,H
256,256,396.0,396.0,396.0,396.0,407.0,A,L,H,407.0,LEU,A,P0C512,407.0,L,L,H,L,H
257,257,397.0,397.0,397.0,397.0,408.0,A,G,C,408.0,GLY,A,P0C512,408.0,G,G,C,G,C
258,258,398.0,398.0,398.0,398.0,409.0,A,H,C,409.0,HIS,A,P0C512,409.0,H,H,C,H,C
259,259,399.0,399.0,399.0,399.0,410.0,A,P,C,410.0,PRO,A,P0C512,410.0,P,P,C,P,C
260,260,400.0,400.0,400.0,400.0,411.0,A,W,C,411.0,TRP,A,P0C512,411.0,W,W,C,W,C
261,261,401.0,401.0,401.0,401.0,412.0,A,G,C,412.0,GLY,A,P0C512,412.0,G,G,C,G,C
262,262,402.0,402.0,402.0,402.0,413.0,A,N,H,413.0,ASN,A,P0C512,413.0,N,N,H,N,H
263,263,403.0,403.0,403.0,403.0,414.0,A,A,H,414.0,ALA,A,P0C512,414.0,A,A,H,A,H
264,264,404.0,404.0,404.0,404.0,415.0,A,P,H,415.0,PRO,A,P0C512,415.0,P,P,H,P,H
265,265,405.0,405.0,405.0,405.0,416.0,A,G,H,416.0,GLY,A,P0C512,416.0,G,G,H,G,H
266,266,406.0,406.0,406.0,406.0,417.0,A,A,H,417.0,ALA,A,P0C512,417.0,A,A,H,A,H
267,267,407.0,407.0,407.0,407.0,418.0,A,A,H,418.0,ALA,A,P0C512,418.0,A,A,H,A,H
268,268,408.0,408.0,408.0,408.0,419.0,A,A,H,419.0,ALA,A,P0C512,419.0,A,A,H,A,H
269,269,409.0,409.0,409.0,409.0,420.0,A,N,H,420.0,ASN,A,P0C512,420.0,N,N,H,N,H
270,270,410.0,410.0,410.0,410.0,421.0,A,R,H,421.0,ARG,A,P0C512,421.0,R,R,H,R,H
271,271,411.0,411.0,411.0,411.0,422.0,A,V,H,422.0,VAL,A,P0C512,422.0,V,V,H,V,H
272,272,412.0,412.0,412.0,412.0,423.0,A,A,H,423.0,ALA,A,P0C512,423.0,A,A,H,A,H
273,273,413.0,413.0,413.0,413.0,424.0,A,L,H,424.0,LEU,A,P0C512,424.0,L,L,H,L,H
274,274,414.0,414.0,414.0,414.0,425.0,A,E,H,425.0,GLU,A,P0C512,425.0,E,E,H,E,H
275,275,415.0,415.0,415.0,415.0,426.0,A,A,H,426.0,ALA,A,P0C512,426.0,A,A,H,A,H
276,276,416.0,416.0,416.0,416.0,427.0,A,C,H,427.0,CYS,A,P0C512,427.0,C,C,H,C,H
277,277,417.0,417.0,417.0,417.0,428.0,A,V,H,428.0,VAL,A,P0C512,428.0,V,V,H,V,H
278,278,418.0,418.0,418.0,418.0,429.0,A,Q,H,429.0,GLN,A,P0C512,429.0,Q,Q,H,Q,H
279,279,419.0,419.0,419.0,419.0,430.0,A,A,H,430.0,ALA,A,P0C512,430.0,A,A,H,A,H
280,280,420.0,420.0,420.0,420.0,431.0,A,R,H,431.0,ARG,A,P0C512,431.0,R,R,H,R,H
281,281,421.0,421.0,421.0,421.0,432.0,A,N,H,432.0,ASN,A,P0C512,432.0,N,N,H,N,H
282,282,422.0,422.0,422.0,422.0,433.0,A,E,C,433.0,GLU,A,P0C512,433.0,E,E,C,E,C
283,283,423.0,423.0,423.0,423.0,434.0,A,G,C,434.0,GLY,A,P0C512,434.0,G,G,C,G,C
284,284,424.0,424.0,424.0,424.0,435.0,A,R,C,435.0,ARG,A,P0C512,435.0,R,R,C,R,C
285,285,425.0,425.0,425.0,425.0,436.0,A,D,C,436.0,ASP,A,P0C512,436.0,D,D,C,D,C
286,286,426.0,426.0,426.0,426.0,437.0,A,L,H,437.0,LEU,A,P0C512,437.0,L,L,H,L,H
287,287,427.0,427.0,427.0,427.0,438.0,A,A,H,438.0,ALA,A,P0C512,438.0,A,A,H,A,H
288,288,428.0,428.0,428.0,428.0,439.0,A,R,H,439.0,ARG,A,P0C512,439.0,R,R,H,R,H
289,289,429.0,429.0,429.0,429.0,440.0,A,E,H,440.0,GLU,A,P0C512,440.0,E,E,H,E,H
290,290,430.0,430.0,430.0,430.0,441.0,A,G,H,441.0,GLY,A,P0C512,441.0,G,G,H,G,H
291,291,431.0,431.0,431.0,431.0,442.0,A,N,H,442.0,ASN,A,P0C512,442.0,N,N,H,N,H
292,292,432.0,432.0,432.0,432.0,443.0,A,E,H,443.0,GLU,A,P0C512,443.0,E,E,H,E,H
293,293,433.0,433.0,433.0,433.0,444.0,A,I,H,444.0,ILE,A,P0C512,444.0,I,I,H,I,H
294,294,434.0,434.0,434.0,434.0,445.0,A,I,H,445.0,ILE,A,P0C512,445.0,I,I,H,I,H
295,295,435.0,435.0,435.0,435.0,446.0,A,R,H,446.0,ARG,A,P0C512,446.0,R,R,H,R,H
296,296,436.0,436.0,436.0,436.0,447.0,A,S,H,447.0,SER,A,P0C512,447.0,S,S,H,S,H
297,297,437.0,437.0,437.0,437.0,448.0,A,A,H,448.0,ALA,A,P0C512,448.0,A,A,H,A,H
298,298,438.0,438.0,438.0,438.0,449.0,A,C,H,449.0,CYS,A,P0C512,449.0,C,C,C,C,H
299,299,439.0,439.0,439.0,439.0,450.0,A,K,C,450.0,LYS,A,P0C512,450.0,K,K,C,K,C
300,300,440.0,440.0,440.0,440.0,451.0,A,W,C,451.0,TRP,A,P0C512,451.0,W,W,C,W,C
301,301,441.0,441.0,441.0,441.0,452.0,A,S,C,452.0,SER,A,P0C512,452.0,S,S,C,S,C
302,302,442.0,442.0,442.0,442.0,453.0,A,P,H,453.0,PRO,A,P0C512,453.0,P,P,H,P,H
303,303,443.0,443.0,443.0,443.0,454.0,A,E,H,454.0,GLU,A,P0C512,454.0,E,E,H,E,H
304,304,444.0,444.0,444.0,444.0,455.0,A,L,H,455.0,LEU,A,P0C512,455.0,L,L,H,L,H
305,305,445.0,445.0,445.0,445.0,456.0,A,A,H,456.0,ALA,A,P0C512,456.0,A,A,H,A,H
306,306,446.0,446.0,446.0,446.0,457.0,A,A,H,457.0,ALA,A,P0C512,457.0,A,A,H,A,H
307,307,447.0,447.0,447.0,447.0,458.0,A,A,H,458.0,ALA,A,P0C512,458.0,A,A,H,A,H
308,308,448.0,448.0,448.0,448.0,459.0,A,C,H,459.0,CYS,A,P0C512,459.0,C,C,H,C,H
309,309,449.0,449.0,449.0,449.0,460.0,A,E,H,460.0,GLU,A,P0C512,460.0,E,E,H,E,H
310,310,450.0,450.0,450.0,450.0,461.0,A,I,H,461.0,ILE,A,P0C512,461.0,I,I,H,I,H
311,311,451.0,451.0,451.0,451.0,462.0,A,W,H,462.0,TRP,A,P0C512,462.0,W,W,H,W,H
312,312,452.0,452.0,452.0,452.0,463.0,A,K,C,463.0,LYS,A,P0C512,463.0,K,K,C,K,C
313,313,453.0,453.0,453.0,453.0,464.0,A,A,C,464.0,ALA,A,P0C512,464.0,A,A,C,A,C
314,314,454.0,454.0,454.0,454.0,465.0,A,I,C,465.0,ILE,A,P0C512,465.0,I,I,C,I,C
315,315,455.0,455.0,455.0,455.0,466.0,A,K,C,466.0,LYS,A,P0C512,466.0,K,K,C,K,C
316,316,456.0,456.0,456.0,456.0,467.0,A,F,C,467.0,PHE,A,P0C512,467.0,F,F,C,F,C
317,317,457.0,457.0,457.0,457.0,468.0,A,E,C,468.0,GLU,A,P0C512,468.0,E,E,C,E,C
318,318,458.0,458.0,458.0,458.0,469.0,A,F,C,469.0,PHE,A,P0C512,469.0,F,F,C,F,C
319,319,459.0,459.0,459.0,459.0,470.0,A,E,C,470.0,GLU,A,P0C512,470.0,E,E,C,E,C
320,320,460.0,460.0,460.0,460.0,471.0,A,P,C,471.0,PRO,A,P0C512,471.0,P,P,C,P,C
321,321,461.0,461.0,461.0,461.0,472.0,A,V,C,472.0,VAL,A,P0C512,472.0,V,V,C,V,C
322,322,462.0,462.0,462.0,462.0,473.0,A,D,C,473.0,ASP,A,P0C512,473.0,D,D,C,D,C
323,323,463.0,463.0,463.0,463.0,474.0,A,K,C,474.0,LYS,A,P0C512,474.0,K,K,C,K,C
324,324,464.0,464.0,464.0,464.0,475.0,A,L,C,475.0,LEU,A,P0C512,475.0,L,L,C,L,C
