,Unnamed: 0.6,Unnamed: 0.5,Unnamed: 0.4,Unnamed: 0.3,Unnamed: 0.2,Unnamed: 0.1,Unnamed: 0,RES,CHAIN,AA,SS_CLASS,PDB_dbResNum,PDB_dbResName,PDB_dbChainId,UniProt_dbAccessionId,UniProt_dbResNum,UniProt_dbResName,shifted Uni,AF_predictions,Jpred_seq,Jpred_SS_pred
0,0,0,0,137.0,137.0,137.0,137.0,141.0,A,V,E,141.0,VAL,A,P00959,142.0,V,V,E,V,E
1,1,1,1,138.0,138.0,138.0,138.0,142.0,A,K,E,142.0,LYS,A,P00959,143.0,K,K,E,K,E
2,2,2,2,139.0,139.0,139.0,139.0,143.0,A,G,E,143.0,GLY,A,P00959,144.0,G,G,E,G,E
3,3,3,3,140.0,140.0,140.0,140.0,144.0,A,T,E,144.0,THR,A,P00959,145.0,T,T,E,T,E
4,4,4,4,141.0,141.0,141.0,141.0,145.0,A,C,C,145.0,CYS,A,P00959,146.0,C,C,C,C,C
5,5,5,5,142.0,142.0,142.0,142.0,146.0,A,P,C,146.0,PRO,A,P00959,147.0,P,P,C,P,C
6,6,6,6,143.0,143.0,143.0,143.0,147.0,A,K,C,147.0,LYS,A,P00959,148.0,K,K,C,K,C
7,7,7,7,144.0,144.0,144.0,144.0,148.0,A,C,C,148.0,CYS,A,P00959,149.0,C,C,C,C,C
8,8,8,8,145.0,145.0,145.0,145.0,149.0,A,K,C,149.0,LYS,A,P00959,150.0,K,K,C,K,C
9,9,9,9,146.0,146.0,146.0,146.0,150.0,A,S,C,150.0,SER,A,P00959,151.0,S,S,C,S,C
10,10,10,10,147.0,147.0,147.0,147.0,151.0,A,P,C,151.0,PRO,A,P00959,152.0,P,P,C,P,C
11,11,11,11,148.0,148.0,148.0,148.0,152.0,A,D,C,152.0,ASP,A,P00959,153.0,D,D,C,D,C
12,12,12,12,149.0,149.0,149.0,149.0,153.0,A,Q,E,153.0,GLN,A,P00959,154.0,Q,Q,E,Q,E
13,13,13,13,150.0,150.0,150.0,150.0,154.0,A,Y,E,154.0,TYR,A,P00959,155.0,Y,Y,E,Y,E
14,14,14,14,151.0,151.0,151.0,151.0,155.0,A,G,C,155.0,GLY,A,P00959,156.0,G,G,C,G,C
15,15,15,15,152.0,152.0,152.0,152.0,156.0,A,D,C,156.0,ASP,A,P00959,157.0,D,D,C,D,C
16,16,16,16,153.0,153.0,153.0,153.0,157.0,A,N,C,157.0,ASN,A,P00959,158.0,N,N,C,N,E
17,17,17,17,154.0,154.0,154.0,154.0,158.0,A,C,C,158.0,CYS,A,P00959,159.0,C,C,C,C,C
18,18,18,18,155.0,155.0,155.0,155.0,159.0,A,E,C,159.0,GLU,A,P00959,160.0,E,E,C,E,C
19,19,19,19,156.0,156.0,156.0,156.0,160.0,A,V,C,160.0,VAL,A,P00959,161.0,V,V,C,V,C
20,20,20,20,157.0,157.0,157.0,157.0,161.0,A,C,C,161.0,CYS,A,P00959,162.0,C,C,C,C,C
21,21,21,21,158.0,158.0,158.0,158.0,162.0,A,G,C,162.0,GLY,A,P00959,163.0,G,G,C,G,C
22,22,22,22,159.0,159.0,159.0,159.0,163.0,A,A,C,163.0,ALA,A,P00959,164.0,A,A,C,A,C
23,23,23,23,160.0,160.0,160.0,160.0,164.0,A,T,C,164.0,THR,A,P00959,165.0,T,T,C,T,E
24,24,24,24,161.0,161.0,161.0,161.0,165.0,A,Y,C,165.0,TYR,A,P00959,166.0,Y,Y,C,Y,C
25,25,25,25,162.0,162.0,162.0,162.0,166.0,A,S,C,166.0,SER,A,P00959,167.0,S,S,C,S,C
26,26,26,26,163.0,163.0,163.0,163.0,167.0,A,P,C,167.0,PRO,A,P00959,168.0,P,P,C,P,C
27,27,27,27,164.0,164.0,164.0,164.0,168.0,A,T,C,168.0,THR,A,P00959,169.0,T,T,C,T,C
28,28,28,28,165.0,165.0,165.0,165.0,169.0,A,E,C,169.0,GLU,A,P00959,170.0,E,E,C,E,C
29,29,29,29,166.0,166.0,166.0,166.0,170.0,A,L,C,170.0,LEU,A,P00959,171.0,L,L,C,L,C
30,30,30,30,167.0,167.0,167.0,167.0,171.0,A,I,E,171.0,ILE,A,P00959,172.0,I,I,E,I,E
31,31,31,31,168.0,168.0,168.0,168.0,172.0,A,E,E,172.0,GLU,A,P00959,173.0,E,E,E,E,E
32,32,32,32,169.0,169.0,169.0,169.0,173.0,A,P,E,173.0,PRO,A,P00959,174.0,P,P,E,P,E
33,33,33,33,170.0,170.0,170.0,170.0,174.0,A,K,E,174.0,LYS,A,P00959,175.0,K,K,E,K,E
34,34,34,34,171.0,171.0,171.0,171.0,175.0,A,S,E,175.0,SER,A,P00959,176.0,S,S,E,S,E
